ASIN,Title,Brand,Category,SKU,Your_Price,Listing_Type,Is_Top_50
B01FTSFW50,"Ceat Milaze X5 90/100-10 53J Tubeless Scooter Tyre,Front or Rear",CEAT,4W,MISSING - needs manual entry,,Only Delivery,False
B0C5DD44XZ,Apollo Tyres Alnac 4G 195/55% R16 87H Tubeless Car Tyre,Apollo,4W,AP1955516GCTLODLON,6986.0,Only Delivery,False
B0C5DHGS2L,Apollo Tyres Alnac 4GS 215/60 R16 95H Tubeless Car Tyre,Apollo,4W,AP2156016GATLODLON,6649.0,Only Delivery,False
B07P2KNKP7,Apollo tyres Amazer 4G Life 145/80% R12 74T Tubeless Car Tyre,Apollo,4W,MISSING - needs manual entry,,Only Delivery,False
B0C4FD4L33,Apollo tyres Amazer 4G Life 165/70 R14 81T Tubeless Car Tyre,Apollo,4W,MISSING - needs manual entry,,Only Delivery,False
B07S8H2VGC,Goodyear 185/70 R14 Kelly VFM 1 88T Tubeless Car Tyre,Goodyear,4W,B07YFKK25Q,4097.0,Only Delivery,False
B07M5R4R4K,Apollo tyres actiGRIP S5 90/100-10 53PTubeless Front/Rear Tyre |Rim - 18 inches| | Section width - 90 millimeters,Apollo,2W,AP9010010ASTLODLON,2299.0,Only Delivery,False
B01IIQR334,Apollo Amazer 4G Life 185/65 R15 88T Tubeless Car Tyre,Apollo,4W,AP1856515ARTLODLON,5609.0,Only Delivery,False
B07Y32FBSC,Goodyear 165/80 R14 Kelly VFM3 85T Tubeless Car Tyre,Goodyear,4W,KE1658014VFTLODLON,3093.0,Only Delivery,False
B07NSZNVFB,Apollo tyres Alpha H1 150/60% R17 66W Tubeless Tyre,Apollo,2W,AP1506017APTLODLON,6909.0,Only Delivery,False
B09LSC9JKM,Goodyear Good Year 175/65% R14 Kelly 82T Vfm 7 Tl Tubeless Car Tyre,Goodyear,4W,KE1756514VFTLODLON,3440.0,Only Delivery,False
B0BZYHTC3M,"Apollo tyres 140/70% R17 66H Tramplr Xr Tubless Bike Tyre,Rear.,1 Tube",Apollo,2W,AP1407017TXTLODLON,4429.0,Only Delivery,False
B06WD343QG,Apollo Amazer 4G Life 165/80 R14 85T Tubeless Car Tyre,Apollo,4W,MISSING - needs manual entry,,Only Delivery,False
B07YFDBMFF,Goodyear 155/80 R13 Kelly VFM3 79T Tubeless Car Tyre,Goodyear,4W,KE1558013VFTL_DEL,2997.0,Only Delivery,True
B01FTSG808,"Ceat F85 2.75 - 18 42P Tube-Type Bike Tyre, Front (100226 )",CEAT,2W,CE275518FRATT,1769.0,Only Delivery,False
B07MR2FLBZ,Ceat SecuraDrive 215/60 R16 95H Tubeless Car Tyre,CEAT,4W,CE2156016SETLODLON,6196.0,Only Delivery,False
B09CMS26BD,Apollo tyres Apterra Cross 215/60% R17 96H Tubeless Car Tyre,Apollo,4W,AP2156017ACTLODLON,6935.0,Only Delivery,False
B0F28WSQWL,CEAT 130/70-17 ZOOM RAD 62P TUBELESS TYRE | Rear | Car Tyre for Front and Rear,CEAT,2W,CE1307017ZRTL,2849.0,Only Delivery,False
B01DKI2QZ0,JK Tyre 215/60% R16 UX Royale Tubeless Car Tyre,JK Tyre,4W,JK2156016URTL,5969.0,Only Delivery,True
B09T68S6DX,Ceat ZOOM X3 90/100-10 53J Tubeless Scooter Tyre,CEAT,2W,CE9010010ZXTLODLON,1448.0,Only Delivery,False
B08KXYNPHW,Apollo tyres Alnac 4G 205/65% R16 95H Tubeless Car Tyre,Apollo,4W,MISSING - needs manual entry,,Only Delivery,False
B08R1V98ZP,CEAT Milaze X3-165/70% R14 81T Tubeless Car Tyre,CEAT,4W,CE1657014METL,3697.0,Only Delivery,True
B07RWB1WQV,Goodyear 145/80% R12 Kelly VFM2 Tubeless Car Tyre,Goodyear,4W,KE1458012VMTL_DEL,2547.0,Only Delivery,True
B07XDRFV9X,Goodyear Assurance Duraplus 2 165/80 R14 Tubeless Car Tyre,Goodyear,4W,GY1658014ACTL,3869.0,Only Delivery,True
B0F28YPJ99,CEAT 100/80-12 Zoom X3 56L TUBELESS TYRE | All Wheel | Car Tyre for Front and Rear,CEAT,2W,CE1008012Z3TL,2146.0,Only Delivery,False
B01FTSHJA6,"Ceat Secura Zoom+ 80/100-18 54P Tubeless Bike Tyre, Rear",CEAT,2W,CE8010018MSTL,2009.0,Only Delivery,False
B01DKI00GC,JK Tyre Ultima Neo 155/80% R13 Tubeless Car Tyre,JK Tyre,4W,JK1558013NETLODLON,3625.0,Only Delivery,True
B016D6U4J6,Apollo Amazer 4G Life 175/65 R14 82T Tubeless Car Tyre,Apollo,4W,AP1756514AFTL,4946.0,Only Delivery,False
B08W3BXC9Y,Continental ContiUltraContact UC6 195/55% R16 87V Tubeless Car Tyre,Continental,4W,CO1955516UCTL,8302.0,Only Delivery,False
B01FTSHEYW,"Ceat Milaze 2.75-18 48P Tubeless Bike Tyre, Rear (102976)",CEAT,4W,CE27518MLTL,20000.0,Only Delivery,False
B074SC4TPZ,Goodyear DP-M1 165/70 R14 81S Tubeless Car Tyre,Goodyear,4W,GY1657014DPTL,3679.0,Only Delivery,False
B0F28Y9LXZ,CEAT 165/70 R14 MILAZE X5 81T TUBELESS TYRE | Car Tyre for Front and Rear,CEAT,4W,CE1657014METLODLON,3697.0,Only Delivery,True
B09NQGLF4P,CEAT 150/60-17 ZOOM RAD X1 66H TUBELESS TYRE | Rear | Car Tyre for Front and Rear,CEAT,2W,CE1506017RZTL,4990.0,Only Delivery,False
B0792G6PF9,Apollo Amazer 4G LIFE 155/70 R13 75T Tubeless Car Tyre,Apollo,4W,AP1557013MLTLODLON,3661.0,Only Delivery,False
B01DKHZV0S,JK Tyre 145/80% R13 Ultima Neo Tubeless Car Tyre,JK Tyre,4W,JK1458013TNTL,3219.0,Only Delivery,False
B0F28XLVC3,CEAT 150/60 ZR17 SPORT RAD STEEL (Steel Radial) 66W TUBELESS TYRE | Rear | Car Tyre for Front and Rear,CEAT,4W,CE1506017SPTL,6415.0,Only Delivery,False
B01L98W8QA,JK Tyre 195/65 R15 UX Royale Tubeless Car Tyre,JK Tyre,4W,JK1956515UXTLODLON,5221.0,Only Delivery,True
B0D8B87XMJ,JK Tyre 185/65% R15 Taximax Tubeless Car Tyre,JK Tyre,4W,JK1856515TATLODLON,4897.0,Only Delivery,False
B07YZJN2V9,JK Tyre 165/80% R14 Taximax Tubeless Car Tyre,JK Tyre,4W,JK1658014TMTLODLON,3574.0,Only Delivery,False
B09FSSHDGJ,JK Tyre 145/80% R12 Ultima Hi^Life Tubeless Car Tyre,JK Tyre,4W,JK1458012UHTL,2939.0,Only Delivery,True
B0F28YL51N,CEAT 165/80 R14 MILAZE X5 85S TUBELESS TYRE | Car Tyre for Front and Rear,CEAT,4W,CE1658014MXTL,4088.0,Only Delivery,True
B08B1VCYSQ,JK Tyre 215/75 R15 Ranger H/T Tubeless Car Tyre,JK Tyre,4W,JK2157515CPTL_DELODLON,6373.98,Only Delivery,False
B0F28XNNGJ,CEAT 90/90-12 ZOOM X3 54J TUBELESS TYRE | Front Tyre | Car Tyre for Front and Rear,CEAT,2W,CE9009012ZMTLODLON,1549.0,Only Delivery,False
B01BDMXBG8,JK Tyre 235/70 R16 Ranger A/T Tubeless Car Tyre,JK Tyre,4W,JK2357016RTTL,7751.0,Only Delivery,False
B08KY21PKD,Apollo Alnac 4G 195/60 R16 89H Tubeless Car Tyre,Apollo,4W,AP1956016ACTL,6649.0,Only Delivery,False
B07CVMR1TJ,"Ceat Zoom Rad X1F 110/70R17 54H Tubeless Bike Tyre, Front (Home Delivery) (104976), 110 millimeters",CEAT,2W,S5-GNPL-5IRE,3529.0,Only Delivery,False
B01IIQQMSG,Apollo Alnac 4Gs 185/65 R15 88H Tubeless Car Tyre,Apollo,4W,MISSING - needs manual entry,,Only Delivery,False
B0F28XL1QJ,CEAT 110/80-12 Zoom X3 61L TUBELESS TYRE | Rear Tyre |,CEAT,2W,CE1108012Z3TL,2233.0,Only Delivery,False
B01FTSI69E,"Ceat Zoom XL 130/70-17 62P Tubeless Bike Tyre, Rear (103061)",CEAT,2W,H12,2739.0,Only Delivery,False
B0F28VZYN2,CEAT 90/100-10 MILAZE X5 53J TUBELESS TYRE | Rear | Bike Rear Tyre,CEAT,4W,CE9010010MXTL,1399.0,Only Delivery,False
B01FTSHN3E,"Ceat Zoom Plus 80/100-18 54P Tubeless Bike Tyre, Rear (102573)",CEAT,2W,CE8010018SOTL,1919.0,Only Delivery,False
B08B22BL9N,JK Tyre 215/60% R17 Tubeless Car Tyre,JK Tyre,4W,MISSING - needs manual entry,,Only Delivery,False
B0995QNPFM,Apollo Alnac 4G 195/55 R16 87V Tubeless Car Tyre,Apollo,4W,MISSING - needs manual entry,,Only Delivery,False
B08LTJVHN7,Continental ContiUltraContact UC6 215/60 R16 Tubeless Car Tyre,Continental,4W,CO2156016UCTL,8506.0,Only Delivery,False
B077Y6VVY6,Ceat Milaze X3 145/80 R12 74T Tubeless Car Tyre (105039 ),CEAT,4W,CE1458012METLODLON,3184.0,Only Delivery,False
B082D1VBCG,JK Tyre 195/55% R16 UX Royale Tubeless Car Tyre,JK Tyre,4W,JK1955516UXTL,5899.0,Only Delivery,True
B00RGOC05Q,MRF ZVTV 165/70 R14 81S Tubeless Car Tyre,MRF,4W,MR1657014ZATLODLON,3899.0,Only Delivery,False
B0F28XL1QV,CEAT 205/65 R16 SECURADRIVE SUV 95H TUBELESS TYRE | Car Tyre for Front and Rear,CEAT,4W,CE2056516SETL,6467.0,Only Delivery,True
B077Y97R4Y,Ceat Secura Drive 185/65 R15 88H Tubeless Car Tyre (Home Delivery),CEAT,4W,CE1856515ESTLODLON,5447.0,Only Delivery,False
B09NQHHRNK,CEAT 155/80 R13 MILAZE X3 79T TUBELESS TYRE,CEAT,4W,CE1558013MXTL,3874.0,Only Delivery,True
B0GGZCNJHT,JK Tyre 165/80r14 UX Royale Tyre With Doorstep Installation,JK Tyre,4W,JK1658014URTLWF,3724.0,Fitment/Installation,False
B0GQ2YZ95M,CEAT 185/65 R15 MILAZE X5å 88T TUBELESS TYRE,CEAT,4W,CE1856515MXTL,5299.0,Only Delivery,False
B0F6NGBSJ6,GOODYEAR 185/65 R15 ASSURANCE TRIPLEMAX 2 88H TUBELESS TYRE | Car Tyre for Front and Rear,Goodyear,4W,GY1856515ATTL,5409.0,Only Delivery,False
B0F4R6GP8Z,CEAT 2.75-18 SECURA ZOOM F 42P TUBE-TYPE TYRE | Front | Car Tyre for Front and Rear,CEAT,2W,CE275518ONZTT,1759.0,Only Delivery,False
B0F28Y3T54,CEAT 195/65 R15 SECURADRIVE 91H TUBELESS TYRE | Car Tyre for Front and Rear,CEAT,4W,CE1956515SRTLODLON,6088.0,Only Delivery,False
B07MNVQ8B1,Ceat 104282 Secura Drive 195/55 R16 87V Tubeless Car Tyre,CEAT,4W,MISSING - needs manual entry,,Only Delivery,False
B08DJDTHTS,"Ceat 120/80-17 Zoom X3 TL 61P, Black",CEAT,2W,CE1208017ZXTL,2659.0,Only Delivery,False
B077Y6VVY7,Ceat Milaze X3 165/80 R14 85S Tubeless Car Tyre (105035 ),CEAT,4W,Y12,3879.0,Only Delivery,True
B0F28YBJWG,CEAT 140/70-17 ZOOM XL 66P TUBELESS TYRE | Rear | Car Tyre for Front and Rear,CEAT,2W,CE1407017ZXTL,3099.0,Only Delivery,False
B0CJRRXDDK,Goodyear Tyre 215/60R17 ASSURANCE TRIPLEMAX 2 96H TL,Goodyear,4W,GY2156017ATTLODLON1,7489.0,Only Delivery,False
B07QZ9N1J4,JK Tyre 165/80r14 UX Royale Tyre,JK Tyre,4W,JK1658014URTL,3574.0,Only Delivery,True
B082SWHGZ4,CEAT GRIPP XL 120/80-18 GRIPP XL TL 62P Tubeless Bike Tyre,CEAT,2W,CEA1208018XTL_DEL,2689.0,Only Delivery,False
B0F6NDY99L,GOODYEAR 215/60 R17 ASSURANCE TRIPLEMAX 2 96H TUBELESS TYRE | Car Tyre for Front and Rear,Goodyear,4W,GY2156017ATTLODLON,7489.0,Only Delivery,True
B0F28Z5VQ3,CEAT 80/100-17 ZOOM PLUS F 46P TUBELESS TYRE | Front | Rear,CEAT,2W,CE8010017ZPTL,1739.0,Only Delivery,False
B0GQ2WBRLZ,CEAT 195/60 R16 SECURADRIVE SUV 89H TUBELESS TYRE,CEAT,4W,CE1956016SSTL,6488.0,Only Delivery,True
B07JJ5J1K4,Goodyear 175/65 R15 ASSURANCE TRIPLEMAX 2 - ?Tubeless,Goodyear,4W,GY1756515XATL-1,5369.0,Only Delivery,False
B0F28YJ6R1,CEAT 195/55 R16 SECURADRIVE 87V TUBELESS TYRE | Car Tyre for Front and Rear,CEAT,4W,CE1955516DATLODLON,6597.0,Only Delivery,False
B08WLNRYZL,Continental ContiUltraContact UC6 205/55 R16 91V Tubeless Car Tyre,Continental,4W,CO2055516UCTL,9128.0,Only Delivery,False
B0GGYY3157,JK 215/60 R17 UX ROYALE 96H TUBELESS TYRE | With Doorstep Installation,JK Tyre,4W,JK2156017URTLWF,6136.0,Fitment/Installation,False
B0F28WNNHF,CEAT 90/90-12 MILAZE X5 54J TUBELESS TYRE | Rear | Car Tyre for Front and Rear,CEAT,4W,CE909012MXTLODLON,1799.0,Only Delivery,False
B0F28X3FJL,CEAT 100/80-17 ZOOM PLUS F 52P TUBELESS TYRE | Front | Car Tyre for Front and Rear,CEAT,2W,CE1008017ZSTL,2149.0,Only Delivery,False
B07RQYDJ3C,Goodyear 205/65% R15 Kelly VFM 6 Tubeless Car Tyre,Goodyear,4W,KE2056515VFTL_DEL,4846.0,Only Delivery,False
B0GGYVKS69,CEAT 185/65 R15 SECURADRIVE 88H TUBELESS TYRE | With Doorstep Installation,CEAT,4W,CE1856515ESTLWF,5947.0,Fitment/Installation,False
B0GGZ6QVQM,CEAT 215/60 R16 SECURADRIVE 95H TUBELESS TYRE | With Doorstep Installation,CEAT,4W,CE2156016SETLWF,6696.0,Fitment/Installation,False
B01DKI2J6G,JK Tyre 175/65 R15 UX Royale Tubeless Car Tyre,JK Tyre,4W,JK1756515RETLODLON,4429.0,Only Delivery,True
B07YFKK25Q,GOODYEAR TYRE 185/70 R14 Kelly VFM1 88T Tubeless Car Tyre,Goodyear,4W,KE1857014VFTL_DEL,4097.0,Only Delivery,True
B0845P4LGH,CEAT GRIPP XL 110/90-18 GRIPP XL TL 61P Tubeless Bike Tyre,CEAT,2W,CE1109018GXTL,2489.0,Only Delivery,False
B0F28XSCZQ,CEAT 80/100-18 SECURA ZOOM F 47P TUBELESS TYRE | Front | Car Tyre for Front and Rear,CEAT,2W,CE8010018ZMTL,1779.0,Only Delivery,False
B082SWFTLY,CEAT GRIPP XL 90/90-19 GRIPP XL F TL 52P Tubeless Bike Tyre,CEAT,2W,CE909019GXTL,2249.0,Only Delivery,False
B0F6NDMWW5,GOODYEAR 195/55 R16 ASSURANCE TRIPLEMAX 2 87H TUBELESS TYRE | Car Tyre for Front and Rear,Goodyear,4W,GY1955516A2TLODLON,6919.0,Only Delivery,True
B0GGYKRS9V,CEAT 175/60 R15 SecuraDrive 81H TUBELESS TYRE | With Doorstep Installation,CEAT,4W,CE1756015SDTLWF,5046.0,Fitment/Installation,False
B01IIQQMXG,Apollo Alnac 4Gs 175/65 R15 84H Tubeless Car Tyre,Apollo,4W,MISSING - needs manual entry,,Only Delivery,False
B09NQG3NJX,CEAT 165/80 R14 MILAZE X3 85S TUBELESS TYRE,CEAT,4W,CE1658014MLTL,3820.0,Only Delivery,True
B07MKMJYSB,Ceat 105755 Milaze X3 155/80 R13 79T Tubeless Car Tyre,CEAT,4W,CE1558013MLTL,3639.0,Only Delivery,True
B0F28Y4VT8,JK 255/65 R18 RANGER H/T TUBELESS TYRE | Car Tyre for Front and Rear,JK Tyre,4W,JK2556518RHTL,7771.0,Only Delivery,False
B0CFVVK1QM,CEAT 145/80 R12 MILAZE X3 74T TUBELESS TYRE,CEAT,4W,CE1458012METL,3184.0,Only Delivery,False
B0GGYX1GGB,Ceat 165/70 R14 Milaze X3 81T Tubeless Car Tyre with Add on Home Installation CE1657014METL-HF With Doorstep Installation,CEAT,4W,CE1657014METLWF,3897.0,Fitment/Installation,False
B08KDQ7CS1,Goodyear Wrangler Triplemex 215/75% R15 100H Tubeless Car Tyre,Goodyear,4W,GY2157515WTTL,6399.0,Only Delivery,False
B0BZVT98VH,Ceat 215/55 R17 SecuraDrive SUV TL 94V,CEAT,4W,CE2155517SUTL,7293.0,Only Delivery,True
B0F28XCWSZ,JK 185/65 R15 UX TOURING TUBELESS TYRE | Car Tyre for Front and Rear,JK Tyre,4W,JK1856515UTTL,4989.0,Only Delivery,True
B0GGYPFQ5P,JK Tyre 215/60 R16 UX Royale Tubeless Car Tyre With Doorstep Installation,JK Tyre,4W,JK2156016URTLWF,6119.0,Fitment/Installation,False
B0F4R6BWLG,CEAT 2.75-17 SECURA ZOOM F 41P TUBE-TYPE TYRE | Front | Car Tyre for Front and Rear,CEAT,2W,CE275517FSZTT,1469.0,Only Delivery,False
B0CFVTWM6K,Ceat Tyre 175/60R15 Secura Drive 81H Tubeless,CEAT,4W,CE1756015SDTLODLON,4646.0,Only Delivery,False
B01IF774JY,Goodyear Ducaro Hi-Miler 145/80 R12 74T Tubeless Car Tyre (Home Delivery),Goodyear,4W,GY1458012DHTLODLON,3109.0,Only Delivery,False
B0GGYKV624,KELLY 175/65 R14 VFM 7 82T TUBELESS TYRE | With Doorstep Installation,Kelly,4W,KE1756514VFTLWF,3940.0,Fitment/Installation,False
B0F28XTL4X,CEAT 130/90-15 ZOOM X3 66P TUBELESS TYRE | Rear | Car Tyre for Front and Rear,CEAT,2W,CE1309015ZXTL,2519.0,Only Delivery,False
B0CCY4DXTC,Goodyear Tyre 235/75% R15 Wrangler Rt/S 105S Tl Tube,Goodyear,4W,GY2357515WWTL,7859.0,Only Delivery,False
B07YDW8GYF,Goodyear ASSURANCE TRIPLEMAX2 185/55 R16 87H Tubeless Car Tyre,Goodyear,4W,GY1855516ATTLODLON,6549.0,Only Delivery,False
B0GQ39746C,YOKOHAMA 175/65 R14 EARTH-1 MAX 82H TUBELESS TYRE,Yokohama,4W,MISSING - needs manual entry,,Only Delivery,False
B0F291N45P,JK 165/70 R14 UX TOURING 81S TUBELESS TYRE | Car Tyre for Front and Rear,JK Tyre,4W,JK1657014UTTL,3528.0,Only Delivery,False
B0GGYNYTKB,JK 165/80 R14 UX TOURING TUBELESS TYRE | With Doorstep Installation,JK Tyre,4W,JK1658014UTTLWF,3935.0,Fitment/Installation,False
B0F28XG1HR,JK 255/65 R18 RANGER A/T TUBELESS TYRE | Car Tyre for Front and Rear,JK Tyre,4W,JK2556518RTTL,7771.0,Only Delivery,False
B0GGYX88DL,CEAT 215/60 R17 SECURADRIVE SUV 96H TUBELESS TYRE | With Doorstep Installation,CEAT,4W,CE2156017SRTLWF,6957.0,Fitment/Installation,False
B0F4R8L7KF,CEAT 3.00-10 ZOOM D 42J TUBELESS TYRE| Rear | Car Tyre for Front and Rear,CEAT,2W,CE30010ZOODTL,1209.0,Only Delivery,False
B08LKN6DYS,"CEAT Gripp XL 110/90-18 61P Tube-Type Bike Tyre, Rear",CEAT,2W,CE1109018XLTT,2719.0,Only Delivery,False
B0GGZ7MLT4,CEAT 175/65 R14 MILAZE X5 82T TUBELESS TYRE | With Doorstep Installation,CEAT,4W,CE1756514MXTLWF,5322.0,Fitment/Installation,False
B09QL3TCZ9,JK Tyre S 215/55% R18 Ux Royale Tubeless Car Tyre,JK Tyre,4W,MISSING - needs manual entry,,Only Delivery,False
B0GGZ8C7JV,JK Tyre 195/65 R15 UX Royale Tubeless Car Tyre With Doorstep Installation,JK Tyre,4W,JK1956515UXTLWF,5371.0,Fitment/Installation,False
B08DT8Z6R1,Ceat Zoom Plus 100/90-17 55P Tubeless Bike Tyre,CEAT,2W,CE1009017ZMTL,2109.0,Only Delivery,False
B0GGZ4KWPN,JK 185/65 R15 UX TOURING TUBELESS TYRE | With Doorstep Installation,JK Tyre,4W,JK1856515UTTLWF,5139.0,Fitment/Installation,False
B0F28WZNZ8,CEAT 100/90-17 GRIPP X5 55P TUBELESS TYRE | Rear | Car Tyre for Front and Rear,CEAT,2W,CE1009017GXTL,2329.0,Only Delivery,False
B01FTSI65S,"Ceat Gripp XL 90/90-19 Tube-Type Bike Tyre, Front",CEAT,2W,MISSING - needs manual entry,,Only Delivery,False
B0C591CPZ9,Apollo Tyres Alnac 4G 195/65 R15 91H Tubeless Car Tyre,Apollo,4W,AP1956515ALTLODLON,6231.0,Only Delivery,False
B0F6NDDMMW,GOODYEAR 225/50 R18 ASSURANCE TRIPLEMAX 2 95V TUBELESS TYRE | Car Tyre for Front and Rear,Goodyear,4W,GY2255018ATTL,12989.0,Only Delivery,False
B0GGYKSCTM,JK 31x10.50 R15 RANGER M/T 109Q TUBELESS TYRE | With Doorstep Installation,JK Tyre,4W,JK3110515RMTLWF,11359.0,Fitment/Installation,False
B0F6NFBMWD,GOODYEAR 205/60 R16 ASSURANCE TRIPLEMAX 2 92H TUBELESS TYRE | Car Tyre for Front and Rear,Goodyear,4W,GY2056016ATTL,7439.0,Only Delivery,False
B09FY6XT8X,Apollo Apterra Cross 215/65 R16 98H Tubeless Car Tyre (With FREE Air Nozzle),Apollo,4W,AP2156516ACTLODLON,8883.0,Only Delivery,False
B0F28WL1B4,CEAT 120/80-18 GRIPP XL 62S TUBE-TYPE TYRE | Front/Rear | Car Tyre for Front and Rear,CEAT,2W,CE1208018GXTT,2929.0,Only Delivery,False
B0F6NG3QWW,GOODYEAR 195/60 R16 ASSURANCE TRIPLEMAX 2 89H TUBELESS TYRE | Car Tyre for Front and Rear,Goodyear,4W,GY1956016A2TL,7809.0,Only Delivery,False
B0GN2Y1WX4,CEAT (With Fitment) 165/80 R14 MILAZE X3 85S TUBELESS TYRE,CEAT,4W,CE1658014MLTLWF,4120.0,Fitment/Installation,False
B08LTDFG79,Continental ContiUltraContact UC6 205/65 R16 Tubeless Car Tyre,Continental,4W,MISSING - needs manual entry,,Only Delivery,False
B0F28Y8F46,CEAT 255/60 R19 CrossDrive AT 109H TUBELESS TYRE | Car Tyre for Front and Rear,CEAT,4W,CE2556019CDTL,9839.0,Only Delivery,False
B0H1MKLQV9,With Doorstep Fitment - CEAT 140/80 ZR17 GRIPP RAD STEEL (Steel Radial) 69H TUBELESS TYRE | Rear | Car Tyre for Front and Rear,CEAT,2W,CE1408017GRTLWF,3602.61,Fitment/Installation,False
B0CJRPCZHX,Goodyear Tyre 205/65R16 Assurance Triplemax 2 95H Tubeless,Goodyear,4W,GY2056516A2TLODLON,6319.0,Only Delivery,False
B01IF76RJ2,Goodyear Assurance TripleMax 205/65 R16 95H Tubeless Car Tyre (Home Delivery),Goodyear,4W,GY2056516A2TL,6319.0,Only Delivery,False
B0GN2FZRFG,CEAT (With Fitment) 175/65 R14 MILAZE X3 82T TUBELESS TYRE,CEAT,4W,CE1756514MCTLWF,5244.0,Fitment/Installation,False
B01L98WFO0,JK Tyre Ranger H/T 235/65% R17 Tubeless Car Tyre,JK Tyre,4W,MISSING - needs manual entry,,Only Delivery,False
B0F28XCMGQ,CEAT 205/55 R17 SECURADRIVE 91H TUBELESS TYRE | Car Tyre for Front and Rear,CEAT,4W,CE2055517SDTL,6866.0,Only Delivery,False
B0F28XVS3K,CEAT 100/90-18 ZOOM X3 56P TUBELESS TYRE | Rear | Car Tyre for Front and Rear,CEAT,2W,CE1009018ZZTL,2309.0,Only Delivery,False
B0GQ327VPB,With Doorstep Fitment - CEAT 185/65 R15 MILAZE X5å 88T TUBELESS TYRE,CEAT,4W,CE1856515MXTLWF,5799.0,Fitment/Installation,False
B0F28YMMXY,JK 215/60 R17 UX ROYALE 96H TUBELESS TYRE | Car Tyre for Front and Rear,JK Tyre,4W,JK2156017URTL,5986.0,Only Delivery,False
B0F28XTMBF,CEAT 215/60 R16 SECURADRIVE 95H TUBELESS TYRE | Car Tyre for Front and Rear,CEAT,4W,CE2156016SETL,6196.0,Only Delivery,True
B0GGYR61BR,CEAT 165/80 R14 SECURADRIVE 85S TUBELESS TYRE | With Doorstep Installation,CEAT,4W,CE1658014SDTLWF,4169.0,Fitment/Installation,False
B0B1WRGD6F,"Ceat 102501 Zoom-Rad 140/60 R17 63P Tubeless Bike Tyre, Rear",CEAT,2W,CE1406017RZTL,3258.23,Only Delivery,False
B0GGYPCTGH,JK 165/70 R14 UX TOURING 81S TUBELESS TYRE | With Doorstep Installation,JK Tyre,4W,JK1657014UTTLWF,3678.0,Fitment/Installation,False
B0F28XYHSH,CEAT 140/70-17 GRIPP X5 66H TUBELESS TYRE | Rear | Car Tyre for Front and Rear,CEAT,2W,CE1407017GRTL,3189.0,Only Delivery,False
B0GGYY5SKR,CEAT 165/80 R14 MILAZE X5 85S TUBELESS TYRE | With Doorstep Installation,CEAT,4W,CE1658014MXTLWF,4288.0,Fitment/Installation,False
B07B4FZ4SQ,JK Tyre 135/70% R12 Ultima LXT Tubeless Car Tyre,JK Tyre,4W,JK1357012UATL,2799.0,Only Delivery,False
B0GGYSRVZ4,JK Tyre 235/70 R16 Ranger A/T Tubeless Car Tyre With Doorstep Installation,JK Tyre,4W,JK2357016RTTLWF,7901.0,Fitment/Installation,False
B08B1X2QPW,JK Tyre 155/65% R14 Ultima Neo Tubeless Car Tyre,JK Tyre,4W,JK1556514UNTL,3589.0,Only Delivery,False
B0GGYMHSVC,CEAT 205/65 R16 SECURADRIVE SUV 95H TUBELESS TYRE | With Doorstep Installation,CEAT,4W,CE2056516SETLWF,6767.0,Fitment/Installation,False
B07HJ82NY9,Goodyear Assurance Triplemax 2 185/60 R15 84H Tubeless Car Tyre,Goodyear,4W,GY1856015AETL,5559.0,Only Delivery,True
B0GGYPH9RZ,CEAT 165/70 R14 MILAZE X5 81T TUBELESS TYRE | With Doorstep Installation,CEAT,4W,CE1657014MXTLWF,3996.0,Fitment/Installation,False
B079WW153D,"Ceat Milaze X3 TL 185/70% R14 88T Tubeless Car Tyre, Front",CEAT,4W,CE1857014XMTLODLON,4609.0,Only Delivery,False
B0GGYVCZ39,JK Tyre 155/80 R13 ULTIMA NEO 79T TUBELESS CAR TYRE With Doorstep Installation,JK Tyre,4W,JK1558013NETLWF,3775.0,Fitment/Installation,False
B0GGYTPQBG,CEAT 235/65 R17 SECURADRIVE SUV 104H TUBELESS TYRE | With Doorstep Installation,CEAT,4W,MISSING - needs manual entry,,Fitment/Installation,False
B0F28XLB3K,CEAT 215/75 R15 SECURADRIVE SUV 100H TUBELESS TYRE | Car Tyre for Front and Rear,CEAT,4W,CE2157515SSTLODLON,6219.0,Only Delivery,False
B077Y965X4,Ceat Milaze X3 155/65 R13 73T Tubeless Car Tyre,CEAT,4W,CE1556513MZTL,3509.0,Only Delivery,False
B0GGYR2PHD,JK Tyre 145/80 R12 Ultima Hi^Life Tubeless Car Tyre With Doorstep Installation,JK Tyre,4W,JK1458012UHTTWF,3279.0,Fitment/Installation,False
B08R1ZV6GW,Ceat 195/60 R16 89H Secura Drive Tubeless Car Tyre,CEAT,4W,CE1956016ESTLODLON,6189.0,Only Delivery,False
B0GGYTL7XG,CEAT 195/55 R16 MILAZE X5 87H TUBELESS TYRE | With Doorstep Installation,CEAT,4W,CE1955516MXTLWF,6998.0,Fitment/Installation,False
B0GGYNQJY4,KELLY 155/70 R13 VFM 8 75T Tubeless Car Tyre | With Doorstep Installation,Kelly,4W,KE1557013V8TLWF,3450.0,Fitment/Installation,False
B0F28Z1827,CEAT 185/70 R14 MILAZE X5 88T TUBELESS TYRE | Car Tyre for Front and Rear,CEAT,4W,CE1857014MXTL,4759.0,Only Delivery,False
B079WV62FH,"Ceat Milaze X3 TL 175/65 R14 82T Tubeless Car Tyre, Front",CEAT,4W,CE1756514MCTLODLON,4894.0,Only Delivery,True
B0F6NG58KL,GOODYEAR 185/60 R15 ASSURANCE MAXGUARD 84H TUBELESS TYRE | Car Tyre for Front and Rear,Goodyear,4W,GY1856015AMTL,5459.0,Only Delivery,True
B0GQ2ZFZK7,With Doorstep Fitment - CEAT 195/60 R16 SECURADRIVE SUV 89H TUBELESS TYRE,CEAT,4W,CE1956016SSTLWF,6788.0,Fitment/Installation,False
B0B76MCHGG,YOKOHAMA 215/65% R16 GEOLANDAR G015 98H TUBELESS CAR TYRE,Yokohama,4W,B07TTXKDM8,8705.34,Only Delivery,False
B0F28XC6WN,CEAT 215/75 R15 CrossDrive AT 100S TUBELESS TYRE | Car Tyre for Front and Rear,CEAT,4W,CE2157515CDTL,6439.0,Only Delivery,False
B0F4RC2L5N,CEAT 2.75-18 MILAZE X5 48P TUBE-TYPE TYRE | Rear | Car Tyre for Front and Rear,CEAT,4W,CE27518MILXTT,1779.0,Only Delivery,False
B0F28Y3T53,CEAT 100/90-18 GRIPP X5 56P TUBELESS TYRE | Rear | Car Tyre for Front and Rear,CEAT,2W,CE1009018GXTL,2309.0,Only Delivery,False
B0GGYKTRS7,CEAT 155/80 R13 MILAZE X5 79T TUBELESS TYRE | With Doorstep Installation,CEAT,4W,CE1558013MITLWF,4363.0,Fitment/Installation,False
B0GGYRYSXR,CEAT 175/65 R15 SECURADRIVE 84H TUBELESS TYRE | With Doorstep Installation,CEAT,4W,CE1756515SITLWF,5786.0,Fitment/Installation,False
B01DKI00EO,JK Tyre 155/65 R13 Ultima Neo Tubeless Car Tyre,JK Tyre,4W,JK1556513ANTL,3589.0,Only Delivery,True
B0GGYP1448,CEAT 215/55 R18 SECURADRIVE 95H TUBELESS TYRE | With Doorstep Installation,CEAT,4W,MISSING - needs manual entry,,Fitment/Installation,False
B0F28XRR2V,CEAT 185/65 R15 SECURADRIVE 88H TUBELESS TYRE | Car Tyre for Front and Rear,CEAT,4W,CE1856515ESTL,5447.0,Only Delivery,True
B0F28XDTHJ,CEAT 235/65 R17 CrossDrive AT 104T TUBELESS TYRE | Car Tyre for Front and Rear,CEAT,4W,CE2356517CDTLODLON,11529.0,Only Delivery,False
B0GGYTGCJL,CEAT 185/60 R15 SECURADRIVE 84H TUBELESS TYRE | With Doorstep Installation,CEAT,4W,CE1856015SRTLWF,5936.0,Fitment/Installation,False
B0GGYL5BW1,JK Tyre Jk 195/55 R16 Ux Royale 87V Tubeless With Doorstep Installation,JK Tyre,4W,JK1955516UXTLWF,6049.0,Fitment/Installation,False
B0GGYKTKVB,Ceat 215/65 R16 SecuraDrive SUV 98H Tubeless Car Tyre with Add on Home Installation CE2156516SDTL-HF With Doorstep Installation,CEAT,4W,CE2156516SDTLWF,8499.0,Fitment/Installation,False
B0F28Z6WTQ,CEAT 110/80-17 ZOOM X3 57P TUBELESS TYRE | Rear | Car Tyre for Front and Rear,CEAT,2W,CE1108017ZXTL,2219.0,Only Delivery,False
B0CMXVP5Z1,Goodyear Tyre 215/60% R16 Assurance Triplemax 2 95H Tl Tube,Goodyear,4W,GY2156016ATTL,8289.0,Only Delivery,False
B0F28Z9P1K,JK 195/55 R16 UX TOURING TUBELESS TYRE | Car Tyre for Front and Rear,JK Tyre,4W,JK1955516UTTLODLON,6200.0,Only Delivery,False
B0F28WY8JT,CEAT 140/70-17 ZOOM CRUZ 66H TUBELESS TYRE | Rear | Car Tyre for Front and Rear,CEAT,2W,CE1407017ZCTL,3218.0,Only Delivery,False
B0F28YN19W,CEAT 100/90-18 ZOOM CRUZ F 56H TUBELESS TYRE | Front | Car Tyre for Front and Rear,CEAT,2W,CE1009018ZCTL,2359.0,Only Delivery,False
B0CFVT63G7,CEAT 155/70 R13 MILAZE X3 75T TUBELESS TYRE,CEAT,4W,CE1557013MZTL,3599.0,Only Delivery,False
B0F6NDG7S1,GOODYEAR 235/70 R16 WRANGLER TRIPLEMAX 106H TUBELESS TYRE | Car Tyre for Front and Rear,Goodyear,4W,GY2357016WTTL,8289.0,Only Delivery,False
B0GN2RLNLW,CEAT (With Fitment) 165/65 R14 MILAZE X3 79T TUBELESS TYRE,CEAT,4W,CE1656514MZTLWF,4486.0,Fitment/Installation,False
B0F28XVWLG,JK 215/55 R18 UX ROYALE 95H TUBELESS TYRE | Car Tyre for Front and Rear,JK Tyre,4W,JK2155518URTL,8271.0,Only Delivery,True
B0F28XJKVY,JK 175/60 R13 ULTIMA SPORTS TUBELESS TYRE | Car Tyre for Front and Rear,JK Tyre,4W,JK1756013USTL,3409.0,Only Delivery,False
B0F28Y63WK,JK 155/70 R13 ULTIMA HI^LIFE 75T TUBELESS TYRE | Car Tyre for Front and Rear,JK Tyre,4W,JK1557013UHTL,3539.0,Only Delivery,False
B01IIQQN12,Apollo Alnac 4Gs 185/65 R14 86H Tubeless Car Tyre,Apollo,4W,AP1856514ACTLODLON,5191.0,Only Delivery,False
B0F6ND71YL,GOODYEAR 175/60 R15 ASSURANCE TRIPLEMAX 81T TUBELESS TYRE | Car Tyre for Front and Rear,Goodyear,4W,GY1756015XATL,5229.0,Only Delivery,True
B0F5PSN4P2,KELLY 175/65 R14 VFM 7 82T TUBELESS TYRE | Car Tyre for Front and Rear,Kelly,4W,KE1756514VFTL,3440.0,Only Delivery,False
B07HJBFMYD,Goodyear Assurance Triplemax 2 175/65% R14 82H Tubeless Car Tyre,Goodyear,4W,GY1756514SRTL_DEL,5139.0,Only Delivery,False
B0GGYRT91R,CEAT 235/65 R17 CrossDrive AT 104T TUBELESS TYRE | With Doorstep Installation,CEAT,4W,CE2356517CDTLWF,11679.0,Fitment/Installation,False
B0GN2GR9Z8,CEAT (With Fitment) 185/70 R14 MILAZE X3 88T TUBELESS TYRE,CEAT,4W,CE1857014XMTLWF,4759.0,Fitment/Installation,False
B0F28WQ27G,CEAT 80/100-18 MILAZE X5 TUBELESS TYRE | Rear | Car Tyre for Front and Rear,CEAT,4W,CE8010018MXTL,1959.0,Only Delivery,False
B0GGYTH8W5,CEAT 185/70 R14 MILAZE X5 88T TUBELESS TYRE | With Doorstep Installation,CEAT,4W,CE1857014MXTLWF,4909.0,Fitment/Installation,False
B0GGYNVR92,JK 235/75 R15 RANGER X-A/T TUBELESS TYRE | With Doorstep Installation,JK Tyre,4W,JK2357515RXTLWF,7952.0,Fitment/Installation,False
B0GGYP4GDN,Ceat 215/55 R17 Securadrive Suv 94V Tubeless Car Tyre with Add on Home Installation CE2155517SUTL-HF With Doorstep Installation,CEAT,4W,CE2155517SUTLWF,7493.0,Fitment/Installation,False
B0GGYXPW2V,CEAT 195/55 R16 SECURADRIVE 87V TUBELESS TYRE | With Doorstep Installation,CEAT,4W,CE1955516DATLWF,6997.0,Fitment/Installation,False
B0GGYT6ZCP,JK 195/55 R16 UX ROYALE SMART TYRE TUBELESS TYRE | With Doorstep Installation,JK Tyre,4W,JK1955516USTLWF,6719.0,Fitment/Installation,False
B0GGYVT64R,CEAT 145/80 R12 MILAZE X5 74T TUBELESS TYRE | With Doorstep Installation,CEAT,4W,CE1458012MXTLWF,3249.0,Fitment/Installation,False
B0GN2R616H,CEAT (With Fitment) 155/80 R13 MILAZE X3 79T TUBELESS TYRE,CEAT,4W,CE1558013MXTLWF,4174.0,Fitment/Installation,False
B0GGYWZC34,KELLY 165/80 R14 VFM 3 85T TUBELESS TYRE | With Doorstep Installation,Kelly,4W,KE1658014VFTLWF,3493.0,Fitment/Installation,False
B00Y0U0GIC,MRF WANDERER Sport 215/65 R16 98H Tubeless Car Tyre,MRF,4W,MR2156516WPTLODLON,8239.0,Only Delivery,False
B016D6U22U,Apollo Amazer 4G 185/70 R14 88T Tubeless Car Tyre,Apollo,4W,AP09504061,4854.0,Only Delivery,False
B0F28W1D2R,CEAT 175/65 R14 MILAZE X5 82T TUBELESS TYRE | Car Tyre for Front and Rear,CEAT,4W,CE1756514MXTL,4972.0,Only Delivery,False
B0GGYT31HY,CEAT 205/60 R16 SECURADRIVE SUV 92H TUBELESS TYRE | With Doorstep Installation,CEAT,4W,CE2056016SUTLWF,7299.0,Fitment/Installation,False
B08QZL7YXD,Apollo Alnac 4G 205/65 R15 94H Tubeless Car Tyre,Apollo,4W,AP2056515ACTL,6517.0,Only Delivery,False
B0F28Z8TPT,CEAT 195/55 R16 MILAZE X5 87H TUBELESS TYRE | Car Tyre for Front and Rear,CEAT,4W,CE1955516MXTL,6598.0,Only Delivery,True
B0GGYSL22S,JK 205/65 R15 UX TOURING TUBELESS TYRE | With Doorstep Installation,JK Tyre,4W,JK2056515UTTLWF,6195.0,Fitment/Installation,False
B0GGYXJM9L,CEAT 205/55 R16 SECURADRIVE 91H TUBELESS TYRE | With Doorstep Installation,CEAT,4W,CE2055516SHTLWF,7439.0,Fitment/Installation,False
B07JB8NF8W,Yokohama Earth 1-185/65R15-88H Tubeless Passenger Car Tyre,Yokohama,4W,MISSING - needs manual entry,,Only Delivery,False
B0GGYZZ7LP,JK 205/65 R16 UX TOURING TUBELESS TYRE | With Doorstep Installation,JK Tyre,4W,JK2056516UTTLWF,6078.0,Fitment/Installation,False
B07HJB14ST,Goodyear Assurance Triplemax 2 185/65 R14 86H Tubeless Car Tyre,Goodyear,4W,GY1856514AXTL,5179.0,Only Delivery,False
B0GGYKKQPY,CEAT 215/75 R15 CrossDrive AT 100S TUBELESS TYRE | With Doorstep Installation,CEAT,4W,CE2157515CDTLWF,6589.0,Fitment/Installation,False
B0GGYKMNL5,CEAT 195/65 R15 SECURADRIVE 91H TUBELESS TYRE | With Doorstep Installation,CEAT,4W,CE1956515SRTLWF,6388.0,Fitment/Installation,False
B0GGZ3MJHT,JK 235/65 R17 RANGER H/T SMART TYRE TUBELESS TYRE | With Doorstep Installation,JK Tyre,4W,JK2356517RSTLWF,10539.0,Fitment/Installation,False
B077Y7117Y,Ceat Milaze X3 145/80% R12 74T Tube-Type Car Tyre,CEAT,4W,S12,3139.0,Only Delivery,False
B0GGYPGPVN,CEAT 265/65 R17 CrossDrive AT 112S TUBELESS TYRE | With Doorstep Installation,CEAT,4W,CE2656517CDTLWF,12299.0,Fitment/Installation,False
B09NQH4YMG,CEAT 175/65 R14 MILAZE X3 82T TUBELESS TYRE,CEAT,4W,CE1756514MCTL,4894.0,Only Delivery,True
B0GGYTNFHG,CEAT 185/65 R14 MILAZE X3 86T TUBELESS TYRE | With Doorstep Installation,CEAT,4W,CE1856514METLWF,5179.0,Fitment/Installation,False
B0F28XYL4D,CEAT 145/80 R12 MILAZE X5 74T TUBELESS TYRE | Car Tyre for Front and Rear,CEAT,4W,CE1458012MXTL,3099.0,Only Delivery,False
B0GGYNTQLM,JK Tyre 145/80 R13 Ultima Neo Tubeless Car Tyre With Doorstep Installation,JK Tyre,4W,JK1458013TNTLWF,3369.0,Fitment/Installation,False
B0GQ31XXFT,JK 215/75 R15 RANGER H/T 100S TUBELESS TYRE,JK Tyre,4W,JK2157515CPTL,6374.0,Only Delivery,False
B0757L98RC,"Ceat 103921 Milaze LT 215/75 R15 115S/113S Tube Type SUV Tyre for Tempo Traveller, Black",CEAT,4W,CE2157515MZTL,6689.0,Only Delivery,True
B0CJRPX8CY,Continental Tyre 165/80R14 UltraContact UC6 85H TL,Continental,4W,CO1658014CC6TLODLON,4467.0,Only Delivery,False
B0GGYL2NC9,JK 155/80 R13 ULTIMA HI^LIFE 75T TUBELESS TYRE | With Doorstep Installation,JK Tyre,4W,JK1558013UHTLWF,3775.0,Fitment/Installation,False
B0GGZ4Q625,JK 195/80 R15 RANGER BRT TUBE-TYPE TYRE | With Doorstep Installation,JK Tyre,4W,JK1958015BTTTWF,7067.0,Fitment/Installation,False
B0D5TBJM8Q,JK Tyre 215/60 R16 UX Royale Tubeless Car Tyre Set of 2,JK Tyre,4W,MISSING - needs manual entry,,Only Delivery,False
B0F28VRBTP,CEAT 140/60 ZR17 CROSS RAD STEEL (Steel Radial) 63H TUBELESS TYRE | Rear | Car Tyre for Front and Rear,CEAT,4W,CE1406017CRTL,3629.0,Only Delivery,False
B0GGYTNTCM,KELLY 155/65 R13 VFM 8 73T Tubeless Car Tyre | With Doorstep Installation,Kelly,4W,KE1556513V8TLWF,3400.0,Fitment/Installation,False
B0GGYHX265,KELLY 145/80 R12 VFM 3 74T TUBELESS TYRE | With Doorstep Installation,Kelly,4W,KE1458012V3TLWF,2847.0,Fitment/Installation,False
B0F28XN2VY,CEAT 255/65 R18 CrossDrive AT 111H TUBELESS TYRE | Car Tyre for Front and Rear,CEAT,4W,CE2556518CDTL,9509.0,Only Delivery,False
B0785MRP6N,Ceat 105047 Milaze X3 155/70 R13 75T Tubeless Car Tyre,CEAT,4W,CE1557013MLTL,3599.0,Only Delivery,False
B0F6NLNHM2,GOODYEAR 215/65 R16 EFFICIENTGRIP SUV 98V TUBELESS TYRE | Car Tyre for Front and Rear,Goodyear,4W,GY2156516EFTLODLON,9139.0,Only Delivery,False
B0F6NDTZ78,GOODYEAR 185/65 R15 ASSURANCE MAXGUARD 92H TUBELESS TYRE | Car Tyre for Front and Rear,Goodyear,4W,GY1856515AMTL,5699.0,Only Delivery,False
B0GGZ2MYCR,JK Tyre 175/65 R15 UX Royale Tubeless Car Tyre With Doorstep Installation,JK Tyre,4W,JK1756515RETL1ODLON,4429.0,Fitment/Installation,False
B0F28SZG8K,CEAT 175/65 R15 MILAZE X5 84T TUBELESS TYRE | Car Tyre for Front and Rear,CEAT,4W,CE1756515MXTL,5497.0,Only Delivery,False
B0F4RB6GV2,CEAT 3.00-18 MILAZE X5 TUBELESS TYRE | Rear | Car Tyre for Front and Rear,CEAT,4W,CE230018MIXTL,1859.0,Only Delivery,False
B0BR5TYW1K,CEAT 205/60 R16 SECURADRIVE 92H Tubeless Tyre CE2056016SETL,CEAT,4W,B08R2166FW,7149.0,Only Delivery,False
B0GQ391467,With Doorstep Fitment - CEAT 175/70 R14 MILAZE X3 84T TUBELESS TYRE,CEAT,4W,CE1757014ETTLWF,5409.0,Fitment/Installation,False
B00Y0UDP62,MRF ZLX 155/65 R13 73T Tubeless Car Tyre,MRF,4W,MR1556513ZXTLODLON,3849.0,Only Delivery,False
B0GGYN4S9W,JK Tyre 155/65 R13 Ultima Neo Tubeless Car Tyre With Doorstep Installation,JK Tyre,4W,JK1556513ANTLWF,3739.0,Fitment/Installation,False
B01IIQR348,Apollo Amazer 4G Life 165/65 R14 79T Tubeless Car Tyre,Apollo,4W,MISSING - needs manual entry,,Only Delivery,False
B0GQ36G72T,CEAT 245/65 R17 SECURADRIVE SUV 107H TUBELESS TYRE,CEAT,4W,CE2456517SSTL,10759.0,Only Delivery,False
B0F28VXYB3,CEAT 205/60 R16 SECURADRIVE SUV 92H TUBELESS TYRE | Car Tyre for Front and Rear,CEAT,4W,CE2056016SUTL,7149.0,Only Delivery,False
B077Y97R4X,"Ceat Milaze X3 145/80% R13 75T Tubeless Car Tyre (105044), Black",CEAT,4W,CE1458013MLTLODLON,3369.0,Only Delivery,False
B0F28X8GD3,CEAT 215/60 R17 SECURADRIVE SUV 96H TUBELESS TYRE | Car Tyre for Front and Rear,CEAT,4W,CE2156017SRTL,6657.0,Only Delivery,False
B0GGZ4DXD8,KELLY 145/70 R12 VFM 1 69T TUBELESS TYRE | With Doorstep Installation,Kelly,4W,KE1457012VMTLWF,2659.0,Fitment/Installation,False
B0F2913Z8L,JK 205/65 R15 UX TOURING TUBELESS TYRE | Car Tyre for Front and Rear,JK Tyre,4W,JK2056515UTTL,6045.0,Only Delivery,False
B0F28WL19Z,CEAT 110/80-14 ZOOM PLUS TUBELESS TYRE | Front | Car Tyre for Front and Rear,CEAT,2W,CE1108014ZPTL,2119.0,Only Delivery,False
B0GGYSCKHK,JK 215/55 R18 UX ROYALE 95H TUBELESS TYRE | With Doorstep Installation,JK Tyre,4W,MISSING - needs manual entry,,Fitment/Installation,False
B0F28YLQQV,CEAT 215/75 R15 CrossDrive AT 100S TUBE-TYPE TYRE | Car Tyre for Front and Rear,CEAT,4W,MISSING - needs manual entry,,Only Delivery,False
B0GGYY66MF,JK 215/75 R15 RANGER X-A/T TUBELESS TYRE | With Doorstep Installation,JK Tyre,4W,JK2157515RXTLWF,6552.0,Fitment/Installation,False
B0GGZ1P22C,JK 205/60 R16 UX ROYALE TUBELESS TYRE | With Doorstep Installation,JK Tyre,4W,JK2056016UXTLWF,6734.0,Fitment/Installation,False
B0GGYXD1KB,JK 235/65 R17 RANGER H/T TUBELESS TYRE | With Doorstep Installation,JK Tyre,4W,JK2356517RATLWF,10027.0,Fitment/Installation,False
B0GGYNDZR5,JK 195/55 R16 UX TOURING TUBELESS TYRE | With Doorstep Installation,JK Tyre,4W,JK1955516UTTLWF,6350.0,Fitment/Installation,False
B0BR5SHH9C,CEAT 165/65 R14 MILAZE X3 79T Tubeless Tyre CE1656514MZTL,CEAT,4W,B00RGOVTG2,4400.0,Only Delivery,False
B0GGZ3H51C,JK Tyre 155/65 R14 Ultima Neo Tubeless Car Tyre With Doorstep Installation,JK Tyre,4W,JK1556514UNTLWF,3739.0,Fitment/Installation,False
B0GGYKDKP8,JK Tyres 215/75 R15 Brute 4X4 Tube type Car Tyre (1325121715100SBRT0) With Doorstep Installation,JK Tyre,4W,JK2157515BRTTWF,7003.0,Fitment/Installation,False
B0F28XHH74,CEAT 90/90-17 ZOOM X3 F 49P TUBELESS TYRE | Front | Car Tyre for Front and Rear,CEAT,2W,CE909017ZMXTL,1929.0,Only Delivery,False
B09FSYYL48,"JK Tyre 165/65 R13 Ultima Hi^Life Tubeless Car Tyre, (165/65R13)",JK Tyre,4W,JK1656513UHTL,3528.0,Only Delivery,True
B01FTSHF82,"Ceat Milaze 3.00-17 50P Tubeless Bike Tyre, Rear (102975), 3 Inches",CEAT,4W,MISSING - needs manual entry,,Only Delivery,False
B0F28ZFLZK,CEAT 215/55 R18 SECURADRIVE 95H TUBELESS TYRE | Car Tyre for Front and Rear,CEAT,4W,CE2155518SDTL,8317.0,Only Delivery,False
B0F28ZSJST,JK 225/60 R16 UX ROYALE TUBELESS TYRE | Car Tyre for Front and Rear,JK Tyre,4W,JK2256016URTL,6719.0,Only Delivery,False
B07N8YZ1ZB,Apollo tyres Amazer 4G Life 145/80 R13 75T Tubeless Car Tyre,Apollo,4W,AP1458013LETLODLON,3426.0,Only Delivery,False
B01IIQQK2O,Apollo Alnac 4G 185/70 R14 88H Tubeless Car Tyre,Apollo,4W,AP1857014CPTLODLON,4803.0,Only Delivery,False
B0GQ326W1W,With Doorstep Fitment - CEAT 175/65 R15 MILAZE X3 84T TUBELESS TYRE,CEAT,4W,CE1756515ZCTLWF,5741.0,Fitment/Installation,False
B0GGYXPLBV,Ceat 205/65 R15 Milaze X3 94S Tubeless Car Tyre Twi with Add on Home Installation CE2056515EMTL-HF With Doorstep Installation,CEAT,4W,CE2056515EMTLWF,6799.0,Fitment/Installation,False
B0GGYSZ8TD,CEAT 235/70 R16 CrossDrive AT 106S TUBELESS TYRE | With Doorstep Installation,CEAT,4W,CE2357016CDTLWF,8729.0,Fitment/Installation,False
B0F6NF5J2Z,GOODYEAR 165/70 R14 DP SERIES 81S TUBELESS TYRE | Car Tyre for Front and Rear,Goodyear,4W,GY1657014DPTLODLON,3679.0,Only Delivery,False
B0GGYXHQ9Q,CEAT 165/65 R14 MILAZE X5 79T TUBELESS TYRE | With Doorstep Installation,CEAT,4W,CE1656514MXTLWF,4486.0,Fitment/Installation,False
B00Y0UBX7A,MRF Zvts 155/70% R13 75T Tubeless Car Tyre,MRF,4W,MR1557013ZVTTODLON,3619.0,Only Delivery,False
B01FTSHZL4,"Ceat 100529 F67 3.25-19 54P Tube-Type Bike Tyre, Front |Rim - 7 inches| | Section width - 90 millimeters",CEAT,2W,MISSING - needs manual entry,,Only Delivery,False
B0BZVR3CGX,Ceat 215/60 R17 SecuraDrive SUV TL 96H,CEAT,4W,CE2156017SRTLODLON,6657.0,Only Delivery,False
B0F6NFKSV4,GOODYEAR 185/60 R16 ASSURANCE TRIPLEMAX 2 86H TUBELESS TYRE | Car Tyre for Front and Rear,Goodyear,4W,GY1856016AETL,6399.0,Only Delivery,False
B0F4R7BWTK,CEAT 2.75-18 SECURA F85 42P TUBELESS TYRE | Front | Car Tyre for Front and Rear,CEAT,4W,CE275518URATL,1639.0,Only Delivery,False
B0CJRR1VTX,"Goodyear Tyre 195/55% R16 Assurance Maxguard Fp 87V Tl, 55, Tubeless",Goodyear,4W,GY1955516AMTL,7729.0,Only Delivery,False
B0BB2HJND5,GOODYEAR 185/65 R15 DURAPLUS 88S TUBELESS TYRE | Car Tyre for Front and Rear,Goodyear,4W,GY1856515DSTL,5559.0,Only Delivery,False
B0GGYHSK7S,CEAT 175/65 R15 MILAZE X5 84T TUBELESS TYRE | With Doorstep Installation,CEAT,4W,CE1756515MXTLWF,5797.0,Fitment/Installation,False
B0GGYN7LMS,JK 175/60 R13 ULTIMA SPORTS TUBELESS TYRE | With Doorstep Installation,JK Tyre,4W,JK1756013USTLWF,3559.0,Fitment/Installation,False
B0GQ2W9P7K,With Doorstep Fitment - CEAT 235/60 R18 SECURADRIVE SUV 103H TUBELESS TYRE,CEAT,4W,CE2356018SSTLWF,11559.0,Fitment/Installation,False
B0GGZ3FQZX,JK Tyre 145/80 R13 Ultima Hi^Life Tubeless Car Tyre With Doorstep Installation,JK Tyre,4W,JK1458013UHTLWF,3414.0,Fitment/Installation,False
B0F28WV1RT,CEAT 195/60 R16 SECURADRIVE 89V TUBELESS TYRE,CEAT,4W,CE1956016ESTL,6189.0,Only Delivery,False
B0H1MLDYTR,With Doorstep Fitment - Goodyear KELLY 155/80 R13 VFM 3 79T TUBELESS TYRE 4 Wheeler Tyre,Goodyear,4W,KE1558013VFTL_DELWF,3297.0,Fitment/Installation,False
B0GGZ3FQVL,CEAT 215/75 R15 F1 STEEL BT 100S TUBELESS TYRE | With Doorstep Installation,CEAT,4W,CE2157515SBTLWF,6239.0,Fitment/Installation,False
B0F6NC8RBY,GOODYEAR 195/65 R15 ASSURANCE TRIPLEMAX 2 91H TUBELESS TYRE | Car Tyre for Front and Rear,Goodyear,4W,GY1956515SXTL,6639.0,Only Delivery,False
B0GQ2W8KMZ,CEAT 235/60 R18 SECURADRIVE SUV 103H TUBELESS TYRE,CEAT,4W,CE2356018SSTL,11409.0,Only Delivery,False
B0GGYL3YL1,JK 215/75 R15 BRUTE 10PR 115/113L TUBE-TYPE TYRE | With Doorstep Installation,JK Tyre,4W,JK2157515BRTLWF,8227.0,Fitment/Installation,False
B08DBJR95N,Apollo tyres Alnac 4G 185/65% R15 88H Tubeless Car Tyre,Apollo,4W,AP1856515ALTLODLON,5517.0,Only Delivery,False
B0F28WGR6L,CEAT 165/80 R14 SECURADRIVE 85S TUBELESS TYRE | Car Tyre for Front and Rear,CEAT,4W,CE1658014SDTL,4019.0,Only Delivery,False
B0GGYL51VN,Ceat 165/65 R13 Milaze X3 77T Tubeless Car Tyre with Add on Home Installation CE1656513MXTL-HF With Doorstep Installation,CEAT,4W,CE1656513MXTLWF,4119.0,Fitment/Installation,False
B0GGYQT214,CEAT 155/65 R14 MILAZE X5 75T TUBELESS TYRE | With Doorstep Installation,CEAT,4W,CE1556514MXTLWF,4137.0,Fitment/Installation,False
B0GGYY5PHD,CEAT 255/60 R19 CrossDrive AT 109H TUBELESS TYRE | With Doorstep Installation,CEAT,4W,CE2556019CDTLWF,9989.0,Fitment/Installation,False
B07N8Y9232,Apollo AMAZER 4G LIFE 165/65 R13 77T Tubeless Car Tyre,Apollo,4W,AP1656513LFTLODLON,3946.0,Only Delivery,False
B0F6NFBPCF,GOODYEAR 205/50 R17 ASSURANCE TRIPLEMAX 2 93W TUBELESS TYRE | Car Tyre for Front and Rear,Goodyear,4W,GY2055017ATTL,8989.0,Only Delivery,False
B0GGYXXZRW,CEAT 265/60 R18 CrossDrive AT 110T TUBELESS TYRE | With Doorstep Installation,CEAT,4W,CE2656018CDTLWF,15729.0,Fitment/Installation,False
B0GGZ1P23X,JK 185/55 R16 UX ROYALE TUBELESS TYRE | With Doorstep Installation,JK Tyre,4W,JK1855516URTLWF,5239.0,Fitment/Installation,False
B0GN2Y6JZH,CEAT (With Fitment) 225/55 R18 SPORTDRIVE CALM 102W XL TUBELESS TYRE,CEAT,4W,CE2255518SCTLWF,12899.0,Fitment/Installation,False
B0GQ321JDM,With Doorstep Fitment - JK 215/75 R15 RANGER H/T 100S TUBELESS TYRE,JK Tyre,4W,JK2157515CPTLWF,6524.0,Fitment/Installation,False
B0GGZ7FG26,JK 205/60 R16 RANGER H/T TUBELESS TYRE | With Doorstep Installation,JK Tyre,4W,JK2056016RHTLODLON,6439.0,Fitment/Installation,False
B0GGYKYY7S,"JK Tyre 165/65 R13 Ultima Hi^Life Tubeless Car Tyre, (165/65R13) With Doorstep Installation",JK Tyre,4W,JK1656513UHTLWF,3678.0,Fitment/Installation,False
B0CK7194BF,apollo Alnac 4G 205/65R16 95H Steel Belted Tubeless Car Radial Tyre,Apollo,4W,AP2056516ACTL,6649.0,Only Delivery,False
B0F6NC5W1G,GOODYEAR 175/70 R14 DURAPLUS 84T TUBELESS TYRE | Car Tyre for Front and Rear,Goodyear,4W,GY1757014DSTL,5509.0,Only Delivery,False
B0GGYR4LK8,CEAT 255/65 R18 CrossDrive AT 111H TUBELESS TYRE | With Doorstep Installation,CEAT,4W,MISSING - needs manual entry,,Fitment/Installation,False
B0F28WT84R,CEAT 175/65 R15 SECURADRIVE 84H TUBELESS TYRE | Car Tyre for Front and Rear,CEAT,4W,CE1756515SITL,5386.0,Only Delivery,False
B0GGYLWS4W,CEAT 205/55 R17 SECURADRIVE 91H TUBELESS TYRE | With Doorstep Installation,CEAT,4W,CE2055517SDTLWF,7166.0,Fitment/Installation,False
B0F2911N22,JK 155/80 R13 ULTIMA HI^LIFE 75T TUBELESS TYRE | Car Tyre for Front and Rear,JK Tyre,4W,JK1558013UHTL,3625.0,Only Delivery,False
B0F28XPW5C,JK 165/80 R14 UX TOURING TUBELESS TYRE | Car Tyre for Front and Rear,JK Tyre,4W,JK1658014UTTLODLON,3785.0,Only Delivery,False
B0GGYKVGNB,CEAT 215/75 R15 SECURADRIVE SUV 100H TUBELESS TYRE | With Doorstep Installation,CEAT,4W,CE2157515SSTLWF,6369.0,Fitment/Installation,False
B08637RTWX,Goodyear Assurance Duraplus 2 155/70R13 75T Tubeless Car Tyre,Goodyear,4W,GO1557013ADTL_DEL,3909.0,Only Delivery,False
B0GQ32X5B1,With Doorstep Fitment - CEAT 145/80 R12 MILAZE X3 74T TUBELESS TYRE,CEAT,4W,CE1458012METLWF,3334.0,Fitment/Installation,False
B07N8Y891Q,JK Tyres 215/75 R15 Brute 4X4 Tube type Car Tyre (1325121715100SBRT0),JK Tyre,4W,JK2157515BRTT,6853.0,Only Delivery,False
B0F28XYZ25,JK 185/55 R16 UX ROYALE TUBELESS TYRE | Car Tyre for Front and Rear,JK Tyre,4W,JK1855516URTL,5089.0,Only Delivery,False
B0GGZ1SPRD,KELLY 215/75 R15 VFM 5 100/97S TUBELESS TYRE | With Doorstep Installation,Kelly,4W,KE2157515VFTLWF,6096.0,Fitment/Installation,False
B0F4RDGDZL,CEAT 155 R13 MILAZE LT TL 8PR Tyre | Car Tyre for Front and Rear,CEAT,4W,CE15513MZLTTL,3935.0,Only Delivery,False
B0GGYTD6CW,CEAT 195/60 R15 SECURADRIVE 88V TUBELESS TYRE | With Doorstep Installation,CEAT,4W,CE1956015SETLWF,7159.0,Fitment/Installation,False
B082SWPJQ5,Ceat Milaze X3 175/70% R14 Milaze X3 Tl 84H Tubeless Car Tyre,CEAT,4W,A41,5259.0,Only Delivery,False
B0GGYKK1ZY,JK Tyre 235/70 R16 Ranger H/T Tubeless Car Tyre With Doorstep Installation,JK Tyre,4W,JK2357016RHTLWF,9033.0,Fitment/Installation,False
B0GQ3678MW,With Doorstep Fitment - CEAT 245/65 R17 SECURADRIVE SUV 107H TUBELESS TYRE,CEAT,4W,CE2456517SSTLWF,10909.0,Fitment/Installation,False
B0GGYTVBHP,JK 205/60 R16 UX ROYALE SMART TYRE TUBELESS TYRE | With Doorstep Installation,JK Tyre,4W,JK2056016URTLWF,7513.0,Fitment/Installation,False
B0GN34DXF1,CEAT (With Fitment) 235/60 R18 SPORTDRIVE SUV CALM 107W XL TUBELESS TYRE,CEAT,4W,CE2356018STTLWF,14179.0,Fitment/Installation,False
B01IIQQK7E,Apollo Alnac 4G 195/55 R15 85H Tubeless Car Tyre,Apollo,4W,MISSING - needs manual entry,,Only Delivery,False
B0GN31PSLW,CEAT Milaze X3 165/65 R14 79T Tubeless Car Tyre | Long-Lasting Tread | Fuel Efficient | High Grip Performance,CEAT,4W,CE1656514MZTL,4336.0,Only Delivery,False
B0GGYKZ87Z,CEAT 145/80 R12 MILAZE X5 74T TUBE-TYPE TYRE | With Doorstep Installation,CEAT,4W,CE1458012MXTTWF,3289.0,Fitment/Installation,False
B0F28YP6MY,CEAT 165/65 R14 MILAZE X5 79T TUBELESS TYRE | Car Tyre for Front and Rear,CEAT,4W,CE1656514MXTL,4336.0,Only Delivery,False
B0F28Y5XD4,CEAT 145/70 R12 MILAZE X3 69T TUBELESS TYRE | Car Tyre for Front and Rear,CEAT,4W,CE1457012MMTL,2539.0,Only Delivery,False
B0GGYTJGMT,Ceat Milaze X3 155/65 R13 73T Tubeless Car Tyre With Doorstep Installation,CEAT,4W,CE1556513MZTLWF,3659.0,Fitment/Installation,False
B09NQH3ZV6,CEAT 185/65 R14 MILAZE X3 86T TUBELESS TYRE | Car Tyre for Front and Rear,CEAT,4W,CE1856514METL,5029.0,Only Delivery,False
B0GGZ3PFCT,CEAT 185/85 R16 MILAZE 105Q LT TUBE-TYPE TYRE | With Doorstep Installation,CEAT,4W,CE1858516ZETTWF,6519.0,Fitment/Installation,False
B0H1MLJWGD,With Doorstep Fitment - CEAT 130/70-18 ZOOM CRUZ 63H TUBELESS TYRE | Rear | Car Tyre for Front and Rear,CEAT,2W,CE1307018ZCTLWF,3770.91,Fitment/Installation,False
B0F28ZK2GB,CEAT 155/80 R13 MILAZE X5 79T TUBELESS TYRE | Car Tyre for Front and Rear,CEAT,4W,CE1558013MXTLODLON,3874.0,Only Delivery,True
B0GGYT2V9S,Ceat 205/65 R16 Milaze X3 95S Tubeless Car Tyre TWI with Add on Home Installation CE2056516MXTL-HF With Doorstep Installation,CEAT,4W,CE2056516MXTLWF,6649.0,Fitment/Installation,False
B0F28YL51T,CEAT 155/65 R14 MILAZE X5 75T TUBELESS TYRE | Car Tyre for Front and Rear,CEAT,4W,CE1556514MXTL,3987.0,Only Delivery,False
B0GGYKSCT7,CEAT 145/70 R12 MILAZE X3 69T TUBELESS TYRE | With Doorstep Installation,CEAT,4W,CE1457012MMTLWF,2689.0,Fitment/Installation,False
B0F4R9M8XX,CEAT 3.00-17 MILAZE X5 TUBELESS TYRE | Rear | Car Tyre for Front and Rear,CEAT,4W,CE30017MILXTL,1789.0,Only Delivery,False
B0GQ2ZCZZ8,CEAT 145/80 R13 MILAZE X5å 75T TUBELESS TYRE,CEAT,4W,CE1458013MXTL,3459.0,Only Delivery,False
B0GN2W9PCR,CEAT (With Fitment) 255/55 R19 SPORTDRIVE SUV CALM 111W XL TUBELESS TYRE,CEAT,4W,CE2555519STTLWF,17939.0,Fitment/Installation,False
B0F28WWP6P,CEAT 185/60 R15 SECURADRIVE 84H TUBELESS TYRE | Car Tyre for Front and Rear,CEAT,4W,CE1856015SRTL,5436.0,Only Delivery,False
B08D696DKF,Goodyear Wrangler At Silenttrac 235/65% R17 104H Tubeless Car Tyre,Goodyear,4W,GY2356517WTTL_DEL,12699.0,Only Delivery,False
B0GQ393417,CEAT 215/45 R17 SPORTDRIVE CALM 91Y XL TUBELESS TYRE,CEAT,4W,CE2154517SCTL,8049.0,Only Delivery,False
B0GN34HTQT,CEAT Milaze X3 145/70 R13 71T Tubeless Car Tyre | Long-Lasting Tread | Fuel Efficient | High Grip Performance,CEAT,4W,CE1457013METL,3369.0,Only Delivery,False
B0GN2Z1BDT,CEAT 255/55 R19 SPORTDRIVE SUV CALM 111W XL TUBELESS TYRE,CEAT,4W,CE2555519STTL,17789.0,Only Delivery,False
B075P3G7NH,Apollo Amazer 4G Life 165/70 R13 79T Tubeless Car Tyre,Apollo,4W,AP1657013ARTLODLON,3946.0,Only Delivery,False
B0GGYJGJBD,Ceat 215/75 R15 Milaze 115/113S Lt Tubeless Car Tyre with Add on Home Installation CE2157515MZTL-HF With Doorstep Installation,CEAT,4W,CE2157515MZTLWF,6839.0,Fitment/Installation,False
B0GGYKVNL8,CEAT 155/65 R13 MILAZE X5 73T TUBELESS TYRE | With Doorstep Installation,CEAT,4W,CE1556513MXTLWF,3799.0,Fitment/Installation,False
B00Y0UMVS0,MRF ZVTV 165/65 R14 79H Tubeless Car Tyre,MRF,4W,MR1656514ZVTLODLON,4219.0,Only Delivery,False
B0F28XBY1D,CEAT 90/90-19 ZOOM PLUS F 52P TUBE-TYPE TYRE | Front | Car Tyre for Front and Rear,CEAT,2W,CE909019ZOMTT,2379.0,Only Delivery,False
B0F4R7W7N1,CEAT 2.75-18 MILAZE X5 TUBELESS TYRE | Rear | Car Tyre for Front and Rear,CEAT,4W,CE27518MILXTL,1719.0,Only Delivery,False
B0GN2JFV67,CEAT (With Fitment) 145/80 R12 MILAZE X3 74T TUBE-TYPE TYRE,CEAT,4W,CE1458012MATTWF,3289.0,Fitment/Installation,False
B0GGYTJCMK,CEAT 135/70 R12 MILAZE 65S TUBELESS TYRE | With Doorstep Installation,CEAT,4W,CE1357012MITLWF,2879.0,Fitment/Installation,False
B0GGYKWCMC,JK 235/75 R15 BRUTE 4X4 TUBE-TYPE TYRE | With Doorstep Installation,JK Tyre,4W,JK2357515BRTLWF,8187.0,Fitment/Installation,False
B0F28YQBMW,CEAT 265/65 R17 CrossDrive AT 112S TUBELESS TYRE | Car Tyre for Front and Rear,CEAT,4W,CE2656517CDTL,12149.0,Only Delivery,False
B077C2C1YR,MRF ZLX 165/65 R14 79H Tubeless Car Tyre,MRF,4W,MR1656514ZXTLODLON,4499.0,Only Delivery,False
B0F28TKBDX,CEAT 235/70 R16 CrossDrive AT 106S TUBELESS TYRE | Car Tyre for Front and Rear,CEAT,4W,CE2357016CDTL,8579.0,Only Delivery,False
B0F28ZN98Z,JK 215/75 R15 RANGER X-A/T TUBELESS TYRE | Car Tyre for Front and Rear,JK Tyre,4W,JK2157515RXTL,6402.0,Only Delivery,False
B0F6NDMMD9,GOODYEAR 265/65 R17 WRANGLER AT/ST 112S TUBELESS TYRE | Car Tyre for Front and Rear,Goodyear,4W,MISSING - needs manual entry,,Only Delivery,False
B0CJRR67PK,Continental Tyre 175/65R15 ULTRACONTACT UC6 84H TL,Continental,4W,CO1756515UCTLODLON,5956.0,Only Delivery,False
B0GN2T1G85,CEAT (With Fitment) 195/60 R16 SECURADRIVE 89V TUBELESS TYRE,CEAT,4W,CE1956016ESTLWF,6339.0,Fitment/Installation,False
B0F6NCJ1HM,GOODYEAR 215/75 R15 WRANGLER RT/S 100S TUBELESS TYRE | Car Tyre for Front and Rear,Goodyear,4W,GY2157515RRTL,6449.0,Only Delivery,False
B00Y0UQ91U,MRF Zvts 145/70% R13 71S Tubeless Car Tyre,MRF,4W,MR1457013ZVTTODLON,3559.0,Only Delivery,False
B0GGZ4SRPP,KELLY 155/65 R14 VFM 3 75T TUBELESS TYRE | With Doorstep Installation,Kelly,4W,KE1556514MVTLWF,3388.0,Fitment/Installation,False
B07N8Y59JZ,Apollo AMAZER 4G LIFE 155/70 R14 77T Tubeless Car Tyre,Apollo,4W,AP1557014LITLODLON,4242.0,Only Delivery,False
B0F5PWX9CF,KELLY 145/70 R12 VFM 1 69T TUBELESS TYRE | Car Tyre for Front and Rear,Kelly,4W,KE1457012VMTL,2359.0,Only Delivery,False
B0CJRRPJDC,Goodyear Tyre 195/60R16 ASSURANCE TRIPLEMAX 2 89H TL,Goodyear,4W,GY1956016A2TLODLON1,7809.0,Only Delivery,False
B0CJRR7LYJ,Continental Tyre 165/70R14 COMFORTCONTACT CC6 81T TL,Continental,4W,CO1657014C6TLODLON,3987.0,Only Delivery,False
B0D4Z9JRY6,JK Tyre Ultima Neo 155/80 R13 Tubeless Car Tyre Set of 2,JK Tyre,4W,MISSING - needs manual entry,,Only Delivery,False
B0F6NFLLNP,GOODYEAR 155/80 R13 ASSURANCE DURAPLUS 2 79T TUBELESS TYRE | Car Tyre for Front and Rear,Goodyear,4W,GY1558013APTL,3909.0,Only Delivery,False
B0GGYN8PNQ,JK 155/70 R13 ULTIMA HI^LIFE 75T TUBELESS TYRE | With Doorstep Installation,JK Tyre,4W,JK1557013UHTLWF,3689.0,Fitment/Installation,False
B0GGYT6NJK,JK Tyre 135/70 R12 Ultima LXT Tubeless Car Tyre With Doorstep Installation,JK Tyre,4W,JK1357012UATLWF,2949.0,Fitment/Installation,False
B0F4RCFXKT,CEAT 155 R13 MILAZE HD LT TL 8PR Tyre | Car Tyre for Front and Rear,CEAT,4W,CE15513MHLTTL,3762.0,Only Delivery,False
B0GGYZY8W6,CEAT 155/65 R14 MILAZE X3 75T TUBELESS TYRE | With Doorstep Installation,CEAT,4W,CE1556514TMTLWF,3990.0,Fitment/Installation,False
B0GQ2ZL659,With Doorstep Fitment - CEAT 205/60 R16 SECURADRIVE 92H TUBELESS TYRE,CEAT,4W,CE2056016SETLWF,7299.0,Fitment/Installation,False
B0F28ZHJKC,CEAT 235/65 R17 SECURADRIVE SUV 104H TUBELESS TYRE | Car Tyre for Front and Rear,CEAT,4W,CE2356517SVTL,9990.0,Only Delivery,False
B0GN2Z4YHS,CEAT (With Fitment) 235/55 R19 SPORTDRIVE SUV CALM 105W XL TUBELESS TYRE,CEAT,4W,CE2355519STTLWF,16009.0,Fitment/Installation,False
B0F28XFH85,CEAT 110/70 ZR17 SPORT RAD STEEL (Steel Radial) 54W TUBELESS TYRE | Front | Car Tyre for Front and Rear,CEAT,4W,CE1107017SPTL,4909.0,Only Delivery,False
B0F6NCKMNQ,GOODYEAR 195/60 R15 ASSURANCE TRIPLEMAX 2 88T TUBELESS TYRE | Car Tyre for Front and Rear,Goodyear,4W,GY1956015RATL,6689.0,Only Delivery,False
B0BR5TCFZG,CEAT 155/80 R13 MILAZE X3 79T Tubeless Tyre CE1558013MXTL-1,CEAT,4W,B00RGOVJTY,3874.0,Only Delivery,False
B0GGYVCZ3M,JK 265/60 R18 RANGER H/T TUBELESS TYRE | With Doorstep Installation,JK Tyre,4W,JK2656018RHTLWF,11559.0,Fitment/Installation,False
B0CJRRSVQ2,Continental Tyre 215/60R17 UltraContact UC6 96H TL,Continental,4W,CO2156017UC6TLODLON,10321.0,Only Delivery,False
B0GQ38HTDS,With Doorstep Fitment - CEAT 145/80 R13 MILAZE X3 75T TUBELESS TYRE,CEAT,4W,CE1458013MLTLWF,3519.0,Fitment/Installation,False
B0GN2Z3WJC,CEAT 235/60 R18 SPORTDRIVE SUV CALM 107W XL TUBELESS TYRE,CEAT,4W,CE2356018STTL,14029.0,Only Delivery,False
B0GN2SYHRJ,CEAT (With Fitment) 145/70 R13 MILAZE X3 71T TUBELESS TYRE,CEAT,4W,CE1457013METLWF,3519.0,Fitment/Installation,False
B0F28XHL6S,CEAT 90/90-12 ZOOM HI 54J TL | Front/Rear Tyre | Car Tyre for Front and Rear,CEAT,2W,CE909012ZOMTL,1389.0,Only Delivery,False
B0GGYYBY8M,JK 225/60 R16 UX ROYALE TUBELESS TYRE | With Doorstep Installation,JK Tyre,4W,JK2256016URTLWF,6869.0,Fitment/Installation,False
B0GN2NF6PL,CEAT 245/70 R16 CROSSDRIVE AT 111S XL TUBELESS TYRE,CEAT,4W,CE2457016CETL,8619.0,Only Delivery,False
B0F28Y7C7W,CEAT 140/70-17 ZOOM PLUS 66P TUBELESS TYRE | Rear | Car Tyre for Front and Rear,CEAT,2W,CE1407017ZPTL,3099.0,Only Delivery,False
B0F28ZP3W4,JK 235/75 R15 BRUTE 4X4 TUBE-TYPE TYRE | Car Tyre for Front and Rear,JK Tyre,4W,JK2357515BRTL,8037.0,Only Delivery,False
B0GN2ZGRZC,CEAT (With Fitment) 245/45 R19 SPORTDRIVE CALM 102Y XL TUBELESS TYRE,CEAT,4W,CE2454519SCTLWF,19299.0,Fitment/Installation,False
B0GGZ1TN9Y,CEAT 145/70 R13 MILAZE X3 71T TUBE-TYPE TYRE | With Doorstep Installation,CEAT,4W,CE1457013MZTTWF,3659.0,Fitment/Installation,False
B0BZVRVMVV,Ceat 215/65 R16 SecuraDrive SUV TL 98H,CEAT,4W,CE2156516SDTL,8349.0,Only Delivery,False
B0785NMZN4,Ceat Milaze X3 145/70 R13 71T Tubeless Car Tyre,CEAT,4W,CE1457013MZTTODLON,3509.0,Only Delivery,False
B00Y0UA916,MRF Zlx 155/80% R13 79T Tubeless Car Tyre,MRF,4W,MR1558013ZXTLODLON,4109.0,Only Delivery,False
B0GQ3KTCXB,With Doorstep Fitment - CEAT 155/70 R13 MILAZE X5å 75T TUBE-TYPE TYRE,CEAT,4W,CE1557013MXTTWF,3889.0,Fitment/Installation,False
B0H1MX6V7V,With Doorstep Fitment - CEAT 130/90-15 ZOOM X3 66P TUBELESS TYRE | Rear | Car Tyre for Front and Rear,CEAT,2W,CE1309015ZXTLWF,2741.31,Fitment/Installation,False
B0F6NDGJBS,GOODYEAR 235/70 R16 WRANGLER AT/ST 106T TUBELESS TYRE | Car Tyre for Front and Rear,Goodyear,4W,GY2357016WATL,8569.0,Only Delivery,False
B0GGYXSZHH,JK 155/65 R12 ULTIMA LXT 71S TUBELESS TYRE | With Doorstep Installation,JK Tyre,4W,JK1556512ULTLWF,3559.0,Fitment/Installation,False
B0F4RGKNYN,CEAT 2.75-17 SECURA F85 41P TUBE-TYPE TYRE | Front | Car Tyre for Front and Rear,CEAT,4W,CE275517SURTT,1449.0,Only Delivery,False
B0F28XV5PX,JK 195/55 R16 UX ROYALE SMART TYRE TUBELESS TYRE | Car Tyre for Front and Rear,JK Tyre,4W,JK1955516USTL,6569.0,Only Delivery,False
B0F6NDT97Q,GOODYEAR 175/65 R15 ASSURANCE MAXGUARD 84H TUBELESS TYRE | Car Tyre for Front and Rear,Goodyear,4W,GY1756515AMTL,5329.0,Only Delivery,False
B0F5PXK6QC,KELLY 155/65 R14 VFM 3 75T TUBELESS TYRE | Car Tyre for Front and Rear,Kelly,4W,KE1556514MVTL,3088.0,Only Delivery,False
B0GGZ8G3DZ,CEAT 215/75 R15 F1 STEEL BT 100S TUBE-TYPE TYRE | With Doorstep Installation,CEAT,4W,CE2157515SLTLWF,6339.0,Fitment/Installation,False
B0GN2M24ZT,CEAT 255/55 R18 SPORTDRIVE SUV CALM 109W XL TUBELESS TYRE,CEAT,4W,CE2555518SCTL,15999.0,Only Delivery,False
B0F28XQVF6,JK 205/65 R16 UX TOURING TUBELESS TYRE | Car Tyre for Front and Rear,JK Tyre,4W,JK2056516UTTLODLON,5928.0,Only Delivery,False
B0GN2VC97T,CEAT (With Fitment) 235/55 R18 SPORTDRIVE SUV CALM 104W XL TUBELESS TYRE,CEAT,4W,CE2355518STTLWF,17659.0,Fitment/Installation,False
B0F6NCLQQH,GOODYEAR 175/70 R13 ASSURANCE DURAPLUS 2 82H TUBELESS TYRE | Car Tyre for Front and Rear,Goodyear,4W,GY1757013ADTL,5369.0,Only Delivery,False
B0BB29F116,Goodyear 175/60 R15 ASSURANCE TRIPLEMAX 81T Tubeless Car Tyre,Goodyear,4W,GY1756015XATLODLON1,5229.0,Only Delivery,False
B0GQ32S1ZN,With Doorstep Fitment - CEAT 215/45 R17 SPORTDRIVE CALM 91Y XL TUBELESS TYRE,CEAT,4W,CE2154517SCTLWF,8199.0,Fitment/Installation,False
B0GGYNVJNK,CEAT 215/75 R15 CrossDrive AT 100S TUBE-TYPE TYRE | With Doorstep Installation,CEAT,4W,CE2157515CDTTWF,6769.0,Fitment/Installation,False
B0F6NDVVYQ,GOODYEAR 215/55 R17 ASSURANCE TRIPLEMAX 2 94V TUBELESS TYRE | Car Tyre for Front and Rear,Goodyear,4W,GY2155517AMTL,11339.0,Only Delivery,False
B0GQ32NFF3,CEAT 215/50 R17 SPORTDRIVE CALM 95Y XL TUBELESS TYRE,CEAT,4W,CE2155017SCTL,8939.0,Only Delivery,False
B0F28YXTWH,JK 31x10.50 R15 RANGER M/T 109Q TUBELESS TYRE | Car Tyre for Front and Rear,JK Tyre,4W,JK3110515RMTL,11209.0,Only Delivery,False
B0H1MK2NS1,With Doorstep Fitment - CEAT 110/70-12 ENERGY RIDE EV TUBELESS TYRE | Front/Rear | Car Tyre for Front and Rear,CEAT,4W,MISSING - needs manual entry,,Fitment/Installation,False
B0GQ35PQ8T,CEAT 155/70 R13 MILAZE X5å 75T TUBELESS TYRE,CEAT,4W,CE1557013MXTL,3689.0,Only Delivery,False
B0GN2QYL1X,CEAT (With Fitment) 275/45 ZR21 SPORTDRIVE SUV CALM 110Y XL TUBELESS TYRE,CEAT,4W,CE2754521STTLWF,28239.0,Fitment/Installation,False
B0GN342JPK,CEAT (With Fitment) 245/70 R16 CROSSDRIVE AT 111S XL TUBELESS TYRE,CEAT,4W,CE2457016CETLWF,8769.0,Fitment/Installation,False
B0GN2MZLYV,CEAT (With Fitment) 255/50 R19 SPORTDRIVE SUV CALM 107W XL TUBELESS TYRE,CEAT,4W,CE2555019STTLWF,17609.0,Fitment/Installation,False
B0F28XTXX7,JK 235/75 R15 RANGER X-A/T TUBELESS TYRE | Car Tyre for Front and Rear,JK Tyre,4W,JK2357515RXTL,7802.0,Only Delivery,False
B0H1MKM7F8,With Doorstep Fitment - CEAT 150/60-17 ZOOM RAD X1 66H TUBELESS TYRE | Rear | Car Tyre for Front and Rear,CEAT,2W,CE1506017RZTLWF,5490.0,Fitment/Installation,False
B0F6NF9M35,GOODYEAR 155/65 R13 ASSURANCE DURAPLUS 2 73T TUBELESS TYRE | Car Tyre for Front and Rear,Goodyear,4W,GY1556513ASTL,3819.0,Only Delivery,False
B0F28X37X6,CEAT 215/75 R15 F1 STEEL BT 100S TUBELESS TYRE | Car Tyre for Front and Rear,CEAT,4W,CE2157515SBTL,6089.0,Only Delivery,False
B0F6ND9LJ9,GOODYEAR 205/55 R16 ASSURANCE TRIPLEMAX 2 91H TUBELESS TYRE | Car Tyre for Front and Rear,Goodyear,4W,GY2055516STTL,8899.0,Only Delivery,False
B079X28Z1Z,"Ceat Milaze X3 Tl 205/65% R15 94S Tubeless Car Tyre, Front (104999), Black",CEAT,4W,MISSING - needs manual entry,,Only Delivery,False
B0GN2TF488,CEAT 315/40 ZR21 SPORTDRIVE SUV CALM 115Y XL TUBELESS TYRE,CEAT,4W,CE3154021STTL,30389.0,Only Delivery,False
B0GN2X6XSS,CEAT 245/45 R18 SPORTDRIVE CALM 100Y XL TUBELESS TYRE,CEAT,4W,CE2454518SCTL,13879.0,Only Delivery,False
B0GN2QCQTM,CEAT (With Fitment) 245/45 R17 SPORTDRIVE CALM 99Y XL TUBELESS TYRE,CEAT,4W,CE2454517SCTLWF,11439.0,Fitment/Installation,False
B0F28XRM74,CEAT 205/55 R16 SECURADRIVE 91H TUBELESS TYRE | Car Tyre for Front and Rear,CEAT,4W,CE2055516SHTL,7289.0,Only Delivery,False
B0GQ369PD2,With Doorstep Fitment - CEAT 225/55 R17 SPORTDRIVE CALM 101W XL TUBELESS TYRE,CEAT,4W,CE2255517SCTLWF,10549.0,Fitment/Installation,False
B0F28VXWWB,CEAT 120/80-17 GRIPP X5 61P TUBELESS TYRE | Rear | Car Tyre for Front and Rear,CEAT,2W,CE1208017GRTL,2789.0,Only Delivery,False
B0BBQKW47L,JK Tyre 155/80 R13 ULTIMA NEO 79T TUBELESS CAR TYRE,JK Tyre,4W,B01DKI00GC,3624.89,Fitment/Installation,False
B0GGYTK7VC,CEAT 155/65 R12 MILAZE 71S TUBELESS TYRE | With Doorstep Installation,CEAT,4W,CE1556512MATLWF,3519.0,Fitment/Installation,False
B0GQ39R68P,With Doorstep Fitment - CEAT 225/45 R17 SPORTDRIVE CALM 94Y XL TUBELESS TYRE,CEAT,4W,CE2254517SCTLWF,10549.0,Fitment/Installation,False
B016D6U5F4,Apollo Amazer 4G Life 205/65 R15 94T Tubeless Car Tyre,Apollo,4W,AP2056515ZATLODLON,6609.0,Only Delivery,False
B01IF779OE,Goodyear Ducaro Hi-Miler 145/70 R12 69T Tubeless Car Tyre (GY026 ),Goodyear,4W,GY1457012DOTL,2969.0,Only Delivery,False
B0GQ3DQVLF,CEAT 145/70 R12 MILAZE X3 69T TUBE-TYPE TYRE,CEAT,4W,CE076074TT,2959.0,Only Delivery,False
B0GQ362CB1,CEAT 225/45 R17 SPORTDRIVE CALM 94Y XL TUBELESS TYRE,CEAT,4W,CE2254517SCTL,10399.0,Only Delivery,False
B0F4RB6BXX,CEAT 3.00-18 GRIPP X5 52P TUBE-TYPE TYRE | Rear | Car Tyre for Front and Rear,CEAT,2W,CE30018GRXTT,1979.0,Only Delivery,False
B074TFDKPW,"Ceat 103172 Gripp XL 90/90-21 54S Tube-Type Bike Tyre, Front",CEAT,2W,A98,3408.0,Only Delivery,False
B0CJRSRDG3,Goodyear Tyre 235/75R15 WRL AT SILENTTRAC XL 109T TL,Goodyear,4W,GY2357515WATL,8149.0,Only Delivery,False
B0H1MP7YZZ,With Doorstep Fitment - Ceat 130/70R17 ZOOM XL Tubeless Tyre with add-on Home Fitment option.,CEAT,2W,H12WF,2778.0,Fitment/Installation,False
B0GGYPDBKH,CEAT 155/70 R13 MILAZE X3 75T TUBE-TYPE TYRE | With Doorstep Installation,CEAT,4W,CE1557013MMTTWF,3799.0,Fitment/Installation,False
B01DKI2QYQ,JK Tyre 205/60 R16 UX Royale Tubeless Car Tyre,JK Tyre,4W,JK2056016UXTLODLON,6584.0,Only Delivery,False
B0F6ND8DWT,GOODYEAR 165/65 R14 DP SERIES 79H TUBELESS TYRE | Car Tyre for Front and Rear,Goodyear,4W,GY1656514DDTL,4939.0,Only Delivery,False
B0H1MLH7G9,With Doorstep Fitment - CEAT 90/90-12 ZOOM X3 54J TUBELESS TYRE | Front Tyre,CEAT,2W,CE9009012ZMTLWF,1899.0,Fitment/Installation,False
B0H1MX1JBC,With Doorstep Fitment - CEAT 130/70-17 ZOOM RAD 62P TUBELESS TYRE | Rear | Car Tyre for Front and Rear,CEAT,2W,CE1307017ZRTLWF,3068.01,Fitment/Installation,False
B0F6NDFJ52,GOODYEAR 215/65 R16 WRANGLER AT/ST 98H TUBELESS TYRE | Car Tyre for Front and Rear,Goodyear,4W,GY2156516WATL,9369.0,Only Delivery,True
B0F4RDKBVF,CEAT 3.00-17 GRIPP X5 50P TUBE-TYPE TYRE | Rear | Car Tyre for Front and Rear,CEAT,2W,CE30017GRIXTT,1929.0,Only Delivery,False
B0GGYSLB9H,CEAT 235/75 R15 MILAZE 105S TUBE-TYPE TYRE | With Doorstep Installation,CEAT,4W,CE2357515MZTTWF,8079.0,Fitment/Installation,False
B0GQ339TLS,With Doorstep Fitment - CEAT 225/50 R17 SPORTDRIVE CALM 98Y XL TUBELESS TYRE,CEAT,4W,CE2255017SCTLWF,10459.0,Fitment/Installation,False
B0F28X72M7,CEAT 145/80 R12 MILAZE X5 74T TUBE-TYPE TYRE | Car Tyre for Front and Rear,CEAT,4W,CE1458012MXTT,3139.0,Only Delivery,False
B0GQ38W1TV,With Doorstep Fitment - CEAT 155/70 R13 MILAZE X5å 75T TUBELESS TYRE,CEAT,4W,CE1557013MXTLWF,3839.0,Fitment/Installation,False
B0H1MM5QYK,With Doorstep Fitment - CEAT 110/80-12 Zoom X3 61L TUBELESS TYRE | Rear Tyre,CEAT,2W,CE1108012Z3TLWF,2583.0,Fitment/Installation,False
B0F6NC2YRF,GOODYEAR 225/60 R17 WRANGLER AT/ST 99H TUBELESS TYRE | Car Tyre for Front and Rear,Goodyear,4W,GY2256017WATL,11679.0,Only Delivery,False
B0H1MRHTGF,With Doorstep Fitment - CEAT 140/70-17 ZOOM PLUS 66P TUBELESS TYRE | Rear | Car Tyre for Front and Rear,CEAT,2W,CE1407017ZPTLWF,3414.51,Fitment/Installation,False
B0H1N5DS13,With Doorstep Fitment - CEAT 100/80-12 Zoom X3 56L TUBELESS TYRE | All Wheel | Car Tyre for Front and Rear,CEAT,2W,CE1008012Z3TLWF,2496.0,Fitment/Installation,False
B09FSQKKS8,JK Tyre 145/80 R13 Ultima Hi^Life Tubeless Car Tyre,JK Tyre,4W,JK1458013UHTL,3264.0,Only Delivery,False
B09NQGKZQL,CEAT 120/90-17 GRIPP XL 64S TUBE-TYPE TYRE | Rear | Car Tyre for Front and Rear,CEAT,2W,CE1209017LGTT,3225.0,Only Delivery,False
B0GN2ZYCML,CEAT 235/55 R19 SPORTDRIVE SUV CALM 105W XL TUBELESS TYRE,CEAT,4W,CE2355519STTL,15859.0,Only Delivery,False
B0GN341BJD,CEAT 225/55 R18 SPORTDRIVE CALM 102W XL TUBELESS TYRE,CEAT,4W,CE2255518SCTL,12749.0,Only Delivery,False
B0B6ZR3NCX,KELLY TYRE 165/65 R13 VFM 3 77T Tubeless Car Tyre,Kelly,4W,B081MCVHGJ,3119.89,Only Delivery,False
B0F28YPBLX,JK 155/65 R12 ULTIMA LXT 71S TUBELESS TYRE | Car Tyre for Front and Rear,JK Tyre,4W,JK1556512ULTL,3409.0,Only Delivery,False
B0F28XJV84,CEAT 155/65 R14 MILAZE X3 75T TUBELESS TYRE | Car Tyre for Front and Rear,CEAT,4W,CE1556514TMTL,3840.0,Only Delivery,False
B0GQ2WFVLN,CEAT 205/45 R17 SPORTDRIVE CALM 88Y XL TUBELESS TYRE,CEAT,4W,CE2054517SCTL,8849.0,Only Delivery,False
B0H1MHMJQQ,With Doorstep Fitment - Ceat 140/60-17 Zoom Rad 63P Tubeless | Rear Tyre with Add on Home Installation CE1406017RZTL-HF,CEAT,2W,CE1406017RZTLWF,3652.11,Fitment/Installation,False
B0F28Z5GXX,CEAT 80/100-18 GRIPP X5 54P TUBELESS TYRE | Rear | Car Tyre for Front and Rear,CEAT,2W,MISSING - needs manual entry,,Only Delivery,False
B07N8XWCD7,Apollo AMAZER 4G LIFE 155/65 R14 75T Tubeless Car Tyre,Apollo,4W,AP1556514EATLODLON,3712.0,Only Delivery,False
B0785NCG15,Ceat Milaze X3 145/70 R12 69T Tube Type Car Tyre,CEAT,4W,CE1457012METT,2959.0,Only Delivery,False
B01IIQQPLU,Apollo Amazer 3G 155/65 R12 71S Tubeless Car Tyre,Apollo,4W,AP1556512AMTLODLON,3477.0,Only Delivery,False
B0F28Z8RQ3,JK 195/80 R15 RANGER BRT TUBE-TYPE TYRE | Car Tyre for Front and Rear,JK Tyre,4W,JK1958015BTTT,6917.0,Only Delivery,False
B0F4RC29HF,YOKOHAMA 195/60 R15 AS01 88H TUBELESS TYRE | Car Tyre for Front and Rear,Yokohama,4W,YK1956015ASTL,7380.0,Only Delivery,False
B0GQ321TV4,CEAT 225/55 R17 SPORTDRIVE CALM 101W XL TUBELESS TYRE,CEAT,4W,CE2255517SCTL,10399.0,Only Delivery,False
B0GQ32571Y,With Doorstep Fitment - CEAT 145/70 R12 MILAZE X3 69T TUBE-TYPE TYRE,CEAT,4W,CE076074TTWF,3109.0,Fitment/Installation,False
B0GN2YSNPD,CEAT 235/55 R18 SPORTDRIVE SUV CALM 104W XL TUBELESS TYRE,CEAT,4W,CE2355518STTL,17509.0,Only Delivery,False
B0GN2MVLK6,CEAT (With Fitment) 275/45 R20 SPORTDRIVE SUV CALM 110Y XL TUBELESS TYRE,CEAT,4W,CE2754520STTLWF,21839.0,Fitment/Installation,False
B0F6NGFP1Q,GOODYEAR 265/60 R18 Wrangler AT/ST TUBELESS TYRE | Car Tyre for Front and Rear,Goodyear,4W,GY2656018WATLODLON,17039.0,Only Delivery,False
B082SW7C9K,CEAT Milaze X3 205/65R16 MILAZE X3 TL 95H Tubeless Car Tyre,CEAT,4W,CE2056516MXTL,6499.0,Only Delivery,False
B0H1MM9MRF,"With Doorstep Fitment - CEAT 120/80-18 GRIPP XL 62P TUBELESS TYRE | REAR 120/80-18 Rear Two Wheeler Tyre (Street, Tube Less)",CEAT,2W,CEA1208018XTL_DELWF,2938.0,Fitment/Installation,False
B0H1MFTFBW,With Doorstep Fitment - CEAT 100/80-17 ZOOM PLUS F 52P TUBELESS TYRE | Front | Car Tyre for Front and Rear,CEAT,2W,MISSING - needs manual entry,,Fitment/Installation,False
B0CJRRXR57,Continental Tyre 225/55R17 ULTRACONTACT XL UC6 101W TL,Continental,4W,CO2255517UC6TLODLON,11770.0,Only Delivery,False
B079WVQL2W,"Ceat Milaze X3 TL 175/65 R15 84T Tubeless Car Tyre, Front (105034)",CEAT,4W,A13,5119.0,Only Delivery,False
B0F28YXBL3,JK 235/65 R17 RANGER H/T SMART TYRE TUBELESS TYRE | Car Tyre for Front and Rear,JK Tyre,4W,JK2356517RSTLODLON,10389.0,Only Delivery,False
B0H1MJDNWW,With Doorstep Fitment - Ceat 120/80-17 Zoom X3 61P Tubeless | Rear Tyre with Add on Home Installation CE1208017ZXTL-HF,CEAT,2W,CE1208017ZXTLWF,2879.91,Fitment/Installation,False
B0H1MR8SGS,With Doorstep Fitment - CEAT 90/90-12 MILAZE X5 54J TUBELESS TYRE | Rear | Car Tyre for Front and Rear,CEAT,4W,MISSING - needs manual entry,,Fitment/Installation,False
B0H1N4BG99,With Doorstep Fitment - JK 155/80 R13 ULTIMA NEO 79T TUBELESS CAR TYRE,JK Tyre,4W,B01DKI00GCWF,3509.0,Fitment/Installation,False
B01BDMXK5K,JK Tyre 215/75% R15 Ranger A/T Tubeless Car Tyre,JK Tyre,4W,MISSING - needs manual entry,,Only Delivery,False
B0GN2V6RBD,CEAT (With Fitment) 225/50 R18 SPORTDRIVE CALM 99W XL TUBELESS TYRE,CEAT,4W,CE2255018SCTLWF,14319.0,Fitment/Installation,False
B0F6NFZV4R,GOODYEAR 225/55 R17 EAG F1 ASY 3 97Y RFT TUBELESS TYRE | Car Tyre for Front and Rear,Goodyear,4W,GY2255517EATL,20469.0,Only Delivery,False
B0GN2YRC6H,CEAT (With Fitment) 245/45 R20 SPORTDRIVE SUV CALM 103W XL TUBELESS TYRE,CEAT,4W,CE2454520STTLWF,25469.0,Fitment/Installation,False
B0F28WZ35B,JK 205/60 R16 RANGER H/T TUBELESS TYRE | Car Tyre for Front and Rear,JK Tyre,4W,MISSING - needs manual entry,,Only Delivery,False
B0GN2ST61P,CEAT (With Fitment) 245/45 R18 SPORTDRIVE CALM 100Y XL TUBELESS TYRE,CEAT,4W,CE2454518SCTLWF,14029.0,Fitment/Installation,False
B0GQ2YVCGV,CEAT 225/50 R17 SPORTDRIVE CALM 98Y XL TUBELESS TYRE,CEAT,4W,CE2255017SCTL,10309.0,Only Delivery,False
B0GQ2Z2968,With Doorstep Fitment - CEAT 145/80 R13 MILAZE X5å 75T TUBELESS TYRE,CEAT,4W,CE1458013MXTLWF,3609.0,Fitment/Installation,False
B0H1MT861K,With Doorstep Fitment - CEAT 140/60 ZR17 CROSS RAD STEEL (Steel Radial) 63H TUBELESS TYRE | Rear | Car Tyre for Front and Rear,CEAT,4W,CE1406017CRTLWF,3939.21,Fitment/Installation,False
B0H1MYYJ1M,With Doorstep Fitment - CEAT 100/90-18 GRIPP X5 56P TUBELESS TYRE | Rear | Car Tyre for Front and Rear,CEAT,2W,CE1009018GXTLWF,2533.41,Fitment/Installation,False
B0GQ2YVCJJ,With Doorstep Fitment - CEAT 155/70 R13 MILAZE X3 75T TUBELESS TYRE,CEAT,4W,CE1557013MZTLWF,3749.0,Fitment/Installation,False
B0H1N3PF6T,With Doorstep Fitment - CEAT 110/70 ZR17 SPORT RAD STEEL (Steel Radial) 54W TUBELESS TYRE | Front | Car Tyre for Front and Rear,CEAT,4W,CE1107017SPTLWF,5206.41,Fitment/Installation,False
B0F6NDPVT7,GOODYEAR 235/60 R18 EFFICIENT GRIP PERFORMANCE 103V TUBELESS TYRE,Goodyear,4W,GY2356018GPTLODLON,13609.0,Only Delivery,False
B089GY3273,Goodyear Assurance Duraplus-2 145/70 R13 71T Tubeless Car Tyre,Goodyear,4W,GY1457013ANTL_DEL,3729.0,Only Delivery,False
B01IIQR924,Apollo Apterra HP 235/70 R16 105H Tubeless Car Tyre,Apollo,4W,AP2357016HPTLODLON,8883.0,Only Delivery,False
B0F28ZJQTH,JK 265/60 R18 RANGER H/T TUBELESS TYRE | Car Tyre for Front and Rear,JK Tyre,4W,JK2656018RHTL,11409.0,Only Delivery,False
B0CJRRZR3F,Continental Tyre 215/55R18 ULTRACONTACT UC6 95H TL,Continental,4W,CO2155518UCTLODLON,12504.0,Only Delivery,False
B0H1MC894G,With Doorstep Fitment - CEAT 140/70-17 GRIPP X5 66H TUBELESS TYRE | Rear | Car Tyre for Front and Rear,CEAT,2W,CE1407017GRTLWF,3503.61,Fitment/Installation,False
B0H1MT2NX6,With Doorstep Fitment - CEAT 90/100-10 MILAZE X5 53J TUBELESS TYRE | Rear | Car Tyre for Front and Rear,CEAT,4W,CE9010010MXTLWF,1749.0,Fitment/Installation,False
B0H1MKLF5Y,With Doorstep Fitment - GOODYEAR TYRE 185/70 R14 Kelly VFM1 88T Tubeless Car Tyre,Goodyear,4W,KE1857014VFTL_DELWF,4397.0,Fitment/Installation,False
B0GN2HPDVN,CEAT (With Fitment) 145/80 R12 FUELSMARRT 74T TUBELESS TYRE,CEAT,4W,MISSING - needs manual entry,,Fitment/Installation,False
B0C58KVFFY,Apollo Tyres Amazer 4G Life 185/60 R15 88T Tubeless tyre,Apollo,4W,AP1856015ARTLODLON,5466.0,Only Delivery,False
B0C43QMB7F,Ceat Milaze X3 165/80 R14 85S Tubeless Car Tyre Home plus Fitment,CEAT,4W,MISSING - needs manual entry,,Fitment/Installation,False
B0H1MP5K96,With Doorstep Fitment - CEAT 100/90-18 ZOOM CRUZ F 56H TUBELESS TYRE | Front | Car Tyre for Front and Rear,CEAT,2W,CE1009018ZCTLWF,2335.41,Fitment/Installation,False
B0F4R9K7ZF,YOKOHAMA 255/60 R18 Geolander A/T G015 108H TUBELESS TYRE | Car Tyre for Front and Rear,Yokohama,4W,YK2556018GATL,15760.0,Only Delivery,False
B0F4R8FTL4,CEAT 2.75-18 GRIPP X5 48P TUBE-TYPE TYRE | Rear | Car Tyre for Front and Rear,CEAT,2W,CE27518GRIXTT,1727.0,Only Delivery,False
B0GN2PPZYD,CEAT 225/40 R18 SPORTDRIVE CALM 92Y XL TUBELESS TYRE,CEAT,4W,CE2254018SCTL,9179.0,Only Delivery,False
B0H1MNST5Z,With Doorstep Fitment - Ceat 90/90-21 Gripp Xl F 54S Tube-Type | Front Tyre with Add on Home Installation CE909021GRFTT-HF,CEAT,2W,CE909021GRFTTWF,2619.0,Fitment/Installation,False
B0H1MHPFJV,With Doorstep Fitment - CEAT 140/70-17 ZOOM CRUZ 66H TUBELESS TYRE | Rear | Car Tyre for Front and Rear,CEAT,2W,CE1407017ZCTLWF,3533.31,Fitment/Installation,False
B0F4RBGKC2,Ceat Secura Zoom plus 2.75 18 front 48P Tube Type | Car Tyre for Front and Rear,CEAT,2W,CE275518ZPFTT,1839.0,Only Delivery,False
B0GQ31ZTVW,With Doorstep Fitment - CEAT 215/50 R17 SPORTDRIVE CALM 95Y XL TUBELESS TYRE,CEAT,4W,CE2155017SCTLWF,9089.0,Fitment/Installation,False
B0H1MH9QWK,With Doorstep Fitment - KELLY 185/70 R14 VFM 1 88T Tubeless Tyre KE1857014VFTL,Kelly,4W,B07YFKK25QWF,4399.59,Fitment/Installation,False
B01L98WFGS,JK Tyre 235/70 R16 Ranger H/T Tubeless Car Tyre,JK Tyre,4W,JK2357016RHTL,8883.0,Only Delivery,False
B0GN2M6NWV,CEAT 255/50 R19 SPORTDRIVE SUV CALM 107W XL TUBELESS TYRE,CEAT,4W,CE2555019STTL,17459.0,Only Delivery,False
B0F6NCQMSQ,GOODYEAR 145/80 R13 ASSURANCE DURAPLUS 2 75T TUBELESS TYRE | Car Tyre for Front and Rear,Goodyear,4W,GY1458013APTL,3729.0,Only Delivery,False
B0H1MNK8ZH,With Doorstep Fitment - CEAT 90/90-17 ZOOM X3 F 49P TUBELESS TYRE | Front | Car Tyre for Front and Rear,CEAT,2W,CE909017ZMXTLWF,2107.71,Fitment/Installation,False
B0F4RD556Q,YOKOHAMA 265/60 R18 Geolander A/T G015 110H TUBELESS TYRE | Car Tyre for Front and Rear,Yokohama,4W,MISSING - needs manual entry,,Only Delivery,False
B0GN2W1D16,CEAT (With Fitment) 255/55 R18 SPORTDRIVE SUV CALM 109W XL TUBELESS TYRE,CEAT,4W,CE2555518SCTLWF,16149.0,Fitment/Installation,False
B0GN2QL3PD,CEAT 235/50 R18 SPORTDRIVE SUV CALM 101V XL TUBELESS TYRE,CEAT,4W,CE2355018STTL,17269.0,Only Delivery,False
B0F4R97KJZ,YOKOHAMA 225/55 R18 Blue Earth RV02 98V TL | Car Tyre for Front and Rear,Yokohama,4W,YK2255518BETL,14760.0,Only Delivery,False
B0H1ML5X6T,With Doorstep Fitment - CEAT 80/100-17 ZOOM PLUS F 46P TUBELESS TYRE | Front | Car Tyre for Front and Rear,CEAT,2W,CE8010017ZPTLWF,1919.61,Fitment/Installation,False
B0H1MNMS13,With Doorstep Fitment - Ceat 90/100-10 Zoom X3 53J Tubeless | Front Tyre with Add on Home Installation CE9010010ZXTL-HF,CEAT,2W,CE9010010ZXTLWF,1798.0,Fitment/Installation,False
B0GQ365L9Y,CEAT 155/70 R13 MILAZE X5å 75T TUBE-TYPE TYRE,CEAT,4W,CE1557013MXTT,3739.0,Only Delivery,False
B0H1MBBYJG,With Doorstep Fitment - CEAT 110/80-17 ZOOM X3 57P TUBELESS TYRE | Rear | Car Tyre for Front and Rear,CEAT,2W,CE1108017ZXTLWF,2444.31,Fitment/Installation,False
B0H1MMMSPD,"With Doorstep Fitment - CEAT 100/90-17 ZOOM PLUS 55P TUBELESS TYRE | REAR 100/90-17 Rear Two Wheeler Tyre (Street, Tube Less)",CEAT,2W,CE1009017ZMTLWF,2335.41,Fitment/Installation,False
B0H1MKW14K,With Doorstep Fitment - CEAT 150/60 ZR17 SPORT RAD STEEL (Steel Radial) 66W TUBELESS TYRE | Rear | Car Tyre for Front and Rear,CEAT,4W,CE1506017SPTLWF,6915.0,Fitment/Installation,False
B0F28X4K8P,CEAT 155/65 R13 MILAZE X5 73T TUBELESS TYRE | Car Tyre for Front and Rear,CEAT,4W,CE1556513MXTL,3649.0,Only Delivery,False
B0F28XRM6T,CEAT 185/85 R16 MILAZE 105Q LT TUBE-TYPE TYRE | Car Tyre for Front and Rear,CEAT,4W,CE1858516ZETT,6369.0,Only Delivery,False
B0F28Y9C6R,JK 215/75 R15 BRUTE 10PR 115/113L TUBE-TYPE TYRE | Car Tyre for Front and Rear,JK Tyre,4W,MISSING - needs manual entry,,Only Delivery,False
B0GN2STJ6G,CEAT (With Fitment) 315/40 ZR21 SPORTDRIVE SUV CALM 115Y XL TUBELESS TYRE,CEAT,4W,CE3154021STTLWF,30539.0,Fitment/Installation,False
B0GN2YKD2M,CEAT 285/45 ZR21 SPORTDRIVE SUV CALM 113Y XL TUBELESS TYRE,CEAT,4W,CE2854521STTL,32699.0,Only Delivery,False
B0F28XKHB1,CEAT 140/80 ZR17 GRIPP RAD STEEL (Steel Radial) 69H TUBELESS TYRE | Rear | Car Tyre for Front and Rear,CEAT,2W,CE1408017GRTL,3289.0,Only Delivery,False
B0F6NC2GHY,GOODYEAR 175/65 R15 ASSURANCE TRIPLEMAX 2 84T TUBELESS TYRE | Car Tyre for Front and Rear,Goodyear,4W,GY1756515XATL,5369.0,Only Delivery,False
B0GN2YCD29,CEAT 255/45 R20 SPORTDRIVE SUV CALM 105W XL TUBELESS TYRE,CEAT,4W,CE2554520STTL,18309.0,Only Delivery,False
B0F28TRD94,JK 145/80 R12 ULTIMA HI^LIFE TUBE-TYPE TYRE | Car Tyre for Front and Rear,JK Tyre,4W,JK1458012UHTT,3129.0,Only Delivery,False
B0GQ2WJJGT,YOKOHAMA 205/65 R16 EARTH-1 MAX 95H TUBELESS TYRE,Yokohama,4W,MISSING - needs manual entry,,Only Delivery,False
B0H1MH7XC5,With Doorstep Fitment - Ceat 110/90-18 Gripp Xl 61P Tube-Type | Rear Tyre with Add on Home Installation CE1109018XLTT-HF,CEAT,2W,CE1109018XLTTWF,2939.31,Fitment/Installation,False
B0GN315VT2,CEAT (With Fitment) 245/50 R18 SPORTDRIVE CALM 104W XL TUBELESS TYRE,CEAT,4W,CE2455018SCTLWF,15959.0,Fitment/Installation,False
B0F28Y57L1,CEAT 175/60 R15 SecuraDrive 81H TUBELESS TYRE | Car Tyre for Front and Rear,CEAT,4W,CE1756015SDTLODLON1,4646.0,Only Delivery,False
B0H1MWPW27,With Doorstep Fitment - Goodyear 205/65% R15 Kelly VFM 6 Tubeless Car Tyre,Goodyear,4W,KE2056515VFTL_DELWF,5446.0,Fitment/Installation,False
B0F6NB6T2W,GOODYEAR 225/50 R17 EAG F1 ASY 3 98Y XL RFT TUBELESS TYRE | Car Tyre for Front and Rear,Goodyear,4W,GY2255017EATL,18079.0,Only Delivery,False
B0H1MJJBD7,With Doorstep Fitment - CEAT 120/80-18 GRIPP XL 62S TUBE-TYPE TYRE | Front/Rear | Car Tyre for Front and Rear,CEAT,2W,CE1208018GXTTWF,3147.21,Fitment/Installation,False
B0GGYYD88X,YOKOHAMA 195/55 R16 AS01 87V TUBELESS TYRE | With Doorstep Installation,Yokohama,4W,YK1955516ASTLWF,9190.0,Fitment/Installation,False
B0GN2X5MT5,CEAT (With Fitment) 255/45 R20 SPORTDRIVE SUV CALM 105W XL TUBELESS TYRE,CEAT,4W,CE2554520STTLWF,18459.0,Fitment/Installation,False
B0H1MTB6LV,With Doorstep Fitment - CEAT 120/80-17 GRIPP X5 61P TUBELESS TYRE | Rear | Car Tyre for Front and Rear,CEAT,2W,CE1208017GRTLWF,3039.0,Fitment/Installation,False
B0H1MZ1DHK,With Doorstep Fitment - Kelly 165/65 R13 VFM 3 77T Tubeless Car Tyre,Kelly,4W,B081MCVHGJWF,3039.0,Fitment/Installation,False
B0H1MMMZTD,With Doorstep Fitment - Ceat 130/70-17 Zoom Xl 62P Tubeless | Rear Tyre with Add on Home Installation CE1307017LOTL-HF,CEAT,2W,CE1307017LOTLWF,2959.11,Fitment/Installation,False
B0GN2V8YWQ,CEAT 225/50 R18 SPORTDRIVE CALM 99W XL TUBELESS TYRE,CEAT,4W,CE2255018SCTL,14169.0,Only Delivery,False
B0GN2V6RBG,CEAT 245/45 R17 SPORTDRIVE CALM 99Y XL TUBELESS TYRE,CEAT,4W,CE2454517SCTL,11289.0,Only Delivery,False
B0B3DY6GN6,CEAT 3.25-19 SECURA Sport 60P (6PR) Tube-Type TYRE | Rear | Car Tyre for Front and Rear,CEAT,4W,MISSING - needs manual entry,,Only Delivery,False
B07YHZZFM9,Goodyear Wrangler AT SilentTrac 215/75% R15 100S Tubeless Car Tyre,Goodyear,4W,GY2157515WRTL,7209.0,Only Delivery,False
B0GN371BL7,CEAT 235/75 R15 CROSSDRIVE AT 116/113R LT TUBELESS TYRE,CEAT,4W,CE2357515CETL,8809.0,Only Delivery,False
B0GN2L88XX,CEAT 245/40 R18 SPORTDRIVE CALM 97Y XL TUBELESS TYRE,CEAT,4W,CE2454018SCTL,14449.0,Only Delivery,False
B0GQ3322KG,With Doorstep Fitment - CEAT 205/45 R17 SPORTDRIVE CALM 88Y XL TUBELESS TYRE,CEAT,4W,CE2054517SCTLWF,8999.0,Fitment/Installation,False
B0H1N34T99,With Doorstep Fitment - CEAT 100/90-18 ZOOM X3 56P TUBELESS TYRE | Rear | Car Tyre for Front and Rear,CEAT,2W,CE1009018ZZTLWF,2533.41,Fitment/Installation,False
B0F6ND8X8X,GOODYEAR 225/50 R18 EAG F1 ASY 3 ROF 95W RFT TYRE | Car Tyre for Front and Rear,Goodyear,4W,MISSING - needs manual entry,,Only Delivery,False
B07M9KYM6G,apollo AMAZER 3G 135/70R12 65S Tubeless Nano Front Tyre,Apollo,4W,AP1357012AZTLODLON,2814.0,Only Delivery,False
B0H1MJGVSZ,With Doorstep Fitment - CEAT 110/80-14 ZOOM PLUS TUBELESS TYRE | Front | Car Tyre for Front and Rear,CEAT,2W,CE1108014ZPTLWF,2345.31,Fitment/Installation,False
B0F6ND8V93,GOODYEAR 145/80 R12 DUCARO HI-MILER 74T TUBELESS TYRE | Car Tyre for Front and Rear,Goodyear,4W,GY1458012DHTL,3109.0,Only Delivery,False
B0GN2ZXFTT,CEAT (With Fitment) 235/50 R18 SPORTDRIVE SUV CALM 101V XL TUBELESS TYRE,CEAT,4W,CE2355018STTLWF,17419.0,Fitment/Installation,False
B09442VGVR,"100/90-18 ZOOM CRUZ F TT 56H, Black",CEAT,2W,CE1009018ZCTT,2469.0,Only Delivery,False
B0GGYNYTMB,YOKOHAMA 205/55 R16 S.Drive AS01 94V TUBELESS TYRE | With Doorstep Installation,Yokohama,4W,YO2055516SATLWF,9970.0,Fitment/Installation,False
B0H1N1827Z,With Doorstep Fitment - Ceat 110/70-17 Zoom Rad X1 F 54H Tubeless | Front Tyre with Add on Home Installation CE1107017DZTL-HF,CEAT,2W,CE1107017DZTLWF,3997.0,Fitment/Installation,False
B0H1MM8R7H,With Doorstep Fitment - CEAT 80/100-18 GRIPP X5 54P TUBELESS TYRE | Rear | Car Tyre for Front and Rear,CEAT,2W,MISSING - needs manual entry,,Fitment/Installation,False
